NEGERI,BAHAGIAN PILIHAN RAYA,NAMA CALON,PARTI,BILANGAN UNDI ,STATUS
JOHOR,P. 140 - SEGAMAT,SUBRAMANIAM A/L K.V SATHASIVAM,BN,"18,584",
JOHOR,P. 140 - SEGAMAT,SANTHARA KUMAR A/L RAMANAIDU,PKR,"24,060",MENANG
JOHOR,P. 140 - SEGAMAT,KHAIRUL FAIZI BIN AHMAD KAMIL,PAS,"2,676",HILANG DEPOSIT
JOHOR,P. 141 - SEKIJANG,AYUB BIN RAHMAT,BN,"18,278",
JOHOR,P. 141 - SEKIJANG,NATRAH BINTI ISMAIL,PKR,"19,559",MENANG
JOHOR,P. 142 - LABIS,CHUA TEE YONG ,BN,"13,567",
JOHOR,P. 142 - LABIS,PANG HOK LIONG,PKR,"16,977",MENANG
JOHOR,P. 142 - LABIS,SARCHU BIN SAWAL,PAS,"2,034",HILANG DEPOSIT
JOHOR,P. 143 - PAGOH,ISMAIL BIN MOHAMED,BN,"16,631",
JOHOR,P. 143 - PAGOH,MAHIADDIN BIN MD YASIN,PKR,"23,558",MENANG
JOHOR,P. 143 - PAGOH,AHMAD NAWFAL BIN MAHFODZ,PAS,"2,483",HILANG DEPOSIT
JOHOR,P. 144 - LEDANG,HAMIM BIN SAMURI,BN,"26,040",
JOHOR,P. 144 - LEDANG,SYED IBRAHIM BIN SYED NOR,PKR,"34,706",MENANG
JOHOR,P. 144 - LEDANG,RUSMAN BIN KEMIN,PAS,"4,668",HILANG DEPOSIT
JOHOR,P. 145 - BAKRI,KOH CHON CHAI,BN,"15,507",
JOHOR,P. 145 - BAKRI,ZARUL @ MOHAMAD ZAHRUL BIN SALLEH,PAS,"7,575",HILANG DEPOSIT
JOHOR,P. 145 - BAKRI,YEO BEE YIN ,PKR,"38,718",MENANG
JOHOR,P. 146 - MUAR,RAZALI BIN IBRAHIM,BN,"15,388",
JOHOR,P. 146 - MUAR,SYED SADDIQ BIN SYED ABDUL RAHMAN,PKR,"22,341",MENANG
JOHOR,P. 146 - MUAR,ABDUL AZIZ BIN TALIB ,PAS,"4,354",HILANG DEPOSIT
JOHOR,P. 147 - PARIT SULONG,NORAINI BINTI AHMAD,BN,"24,481",MENANG
JOHOR,P. 147 - PARIT SULONG,ANIS AFIDA BINTI MOHD AZLI,PKR,"18,140",
JOHOR,P. 147 - PARIT SULONG,AHMAD ROSDI BIN BAHARI,PAS,"7,148",
JOHOR,P. 148 - AYER HITAM,WEE KA SIONG,BN,"17,076",MENANG
JOHOR,P. 148 - AYER HITAM,MARDI BIN MARWAN,PAS,"4,975",
JOHOR,P. 148 - AYER HITAM,LIEW CHIN TONG,PKR,"16,773",
JOHOR,P. 149 - SRI GADING,AB AZIZ BIN KAPRAWI,BN,"18,223",
JOHOR,P. 149 - SRI GADING,SHARUDDIN BIN MD SALLEH ,PKR,"21,511",MENANG
JOHOR,P. 149 - SRI GADING,M ASH'ARI BIN SIDON,PAS,"4,548",HILANG DEPOSIT
JOHOR,P. 150 - BATU PAHAT,HALIZA BINTI ABDULLAH,BN,"28,035",
JOHOR,P. 150 - BATU PAHAT,MAHFODZ BIN MOHAMED,PAS,"8,173",HILANG DEPOSIT
JOHOR,P. 150 - BATU PAHAT,MOHD RASHID BIN HASNON,PKR,"45,929",MENANG
JOHOR,P. 151 - SIMPANG RENGGAM,LIANG TECK MENG,BN,"14,682",
JOHOR,P. 151 - SIMPANG RENGGAM,MASZLEE BIN MALIK,PKR,"18,157",MENANG
JOHOR,P. 151 - SIMPANG RENGGAM,MOHD JUBRI BIN SELAMAT ,PAS,"2,983",HILANG DEPOSIT
JOHOR,P. 152 - KLUANG,GAN PING SHOU @ GAN PING SIEU,BN,"24,618",
JOHOR,P. 152 - KLUANG,WONG SHU QI,PKR,"47,671",MENANG
JOHOR,P. 152 - KLUANG,MUHAMMAD HASBULLAH BIN MD NAJIB ,PAS,"8,242",HILANG DEPOSIT
JOHOR,P. 153 - SEMBRONG,HISHAMMUDDIN BIN DATUK HUSSEIN,BN,"21,353",MENANG
JOHOR,P. 153 - SEMBRONG,ONN BIN ABU BAKAR,PKR,"14,691",
JOHOR,P. 154 - MERSING,ABD. LATIFF BIN AHMAD,BN,"19,806",MENANG
JOHOR,P. 154 - MERSING,A. RAHMAN BIN A. HAMID,PAS,"6,215",
JOHOR,P. 154 - MERSING,MD. NASIR BIN HASHIM,PKR,"11,347",
JOHOR,P. 155 - TENGGARA,ADHAM BIN BABA,BN,"20,142",MENANG
JOHOR,P. 155 - TENGGARA,YUHANITA BINTI YUNAN,PAS,"2,683",HILANG DEPOSIT
JOHOR,P. 155 - TENGGARA,NORJEPRI BIN MOHAMED JELANI,PKR,"14,209",
JOHOR,P. 156 - KOTA TINGGI,HALIMAH BINTI MOHD SADIQUE,BN,"26,407",MENANG
JOHOR,P. 156 - KOTA TINGGI,AZLINDA BINTI ABDUL LATIF ,PKR,"11,786",
JOHOR,P. 157 - PENGERANG,AZALINA BINTI OTHMAN,BN,"21,829",MENANG
JOHOR,P. 157 - PENGERANG,NORLIZA BINTI NGADIRAN,PKR,"10,412",
JOHOR,P. 158 - TEBRAU,HOU KOK CHUNG,BN,"27,310",
JOHOR,P. 158 - TEBRAU,CHOONG SHIAU YOON,PKR,"64,535",MENANG
JOHOR,P. 158 - TEBRAU,ABDULLAH BIN HUSIN,PAS,"12,098",HILANG DEPOSIT
JOHOR,P. 159 - PASIR GUDANG,MOHAMED KHALED BIN NORDIN,BN,"36,889",
JOHOR,P. 159 - PASIR GUDANG,AB. AZIZ BIN ABDULLAH,PAS,"6,278",HILANG DEPOSIT
JOHOR,P. 159 - PASIR GUDANG,HASSAN BIN ABDUL KARIM,PKR,"61,615",MENANG
JOHOR,P. 159 - PASIR GUDANG,SEY JOCK @ CHEE JOCK,BEBAS,227,HILANG DEPOSIT
JOHOR,P. 160 - JOHOR BAHRU,SHARIL@SHAHRIR BIN AB SAMAD,BN,"30,270",
JOHOR,P. 160 - JOHOR BAHRU,AKMAL NASRULLAH BIN MOHD NASIR,PKR,"50,052",MENANG
JOHOR,P. 161 - PULAI,NUR JAZLAN BIN MOHAMED,BN,"26,523",
JOHOR,P. 161 - PULAI,MOHD MAZRI BIN YAHYA,PAS,"4,332",HILANG DEPOSIT
JOHOR,P. 161 - PULAI,SALAHUDDIN BIN AYUB,PKR,"55,447",MENANG
JOHOR,P. 161 - PULAI,YAP KENG TAK,BEBAS,591,HILANG DEPOSIT
JOHOR,P. 162 - ISKANDAR PUTERI,TEOH SEW HOCK,BN,"35,862",
JOHOR,P. 162 - ISKANDAR PUTERI,LIM KIT SIANG ,PKR,"80,726",MENANG
JOHOR,P. 163 - KULAI,TANG NAI SOON,BN,"22,564",
JOHOR,P. 163 - KULAI,TEO NIE CHING,PKR,"55,312",MENANG
JOHOR,P. 163 - KULAI,JUWAHIR BIN AMIN,PAS,"6,667",HILANG DEPOSIT
JOHOR,P. 164 - PONTIAN,AHMAD BIN MASLAN,BN,"21,132",MENANG
JOHOR,P. 164 - PONTIAN,BAHAROM BIN MOHAMAD,PAS,"4,295",HILANG DEPOSIT
JOHOR,P. 164 - PONTIAN,KARMAINE BIN SARDINI,PKR,"20,299",
JOHOR,P. 165 - TANJUNG PIAI,WEE JECK SENG,BN,"20,731",
JOHOR,P. 165 - TANJUNG PIAI,MD FARID BIN MD RAFIK,PKR,"21,255",MENANG
JOHOR,P. 165 - TANJUNG PIAI,NORDIN BIN OTHMAN,PAS,"2,962",HILANG DEPOSIT
KEDAH,P. 004 - LANGKAWI,MAHATHIR BIN MOHAMAD,PKR,"18,954",MENANG
KEDAH,P. 004 - LANGKAWI,ZUBIR BIN AHMAD,PAS,"5,512",
KEDAH,P. 004 - LANGKAWI,NAWAWI BIN AHMAD,BN,"10,061",
KEDAH,P. 005 - JERLUN,OTHMAN BIN AZIZ,BN,"12,413",
KEDAH,P. 005 - JERLUN,ABD. GHANI BIN AHMAD,PAS,"12,829",
KEDAH,P. 005 - JERLUN,MUKHRIZ MAHATHIR,PKR,"18,695",MENANG
KEDAH,P. 006 - KUBANG PASU,AMIRUDDIN BIN HAMZAH,PKR,"29,984",MENANG
KEDAH,P. 006 - KUBANG PASU,NORHAFIZA BINTI FADZIL,PAS,"13,375",
KEDAH,P. 006 - KUBANG PASU,MOHD JOHARI BIN BAHARUM,BN,"16,975",
KEDAH,P. 007 - PADANG TERAP,MOHAMAD AZAM BIN ABD MAJID @ ABD AZIZ,PAS,"15,285",
KEDAH,P. 007 - PADANG TERAP,MOHD KHAIRIZAL BIN KHAZALI,PKR,"7,254",
KEDAH,P. 007 - PADANG TERAP,MAHDZIR BIN KHALID,BN,"16,384",MENANG
KEDAH,P. 008 - POKOK SENA,MUHAMAD RADHI BIN MAT DIN,PAS,"23,401",
KEDAH,P. 008 - POKOK SENA,SAID ALI BIN SAID RASTAN,BN,"18,390",
KEDAH,P. 008 - POKOK SENA,MAHFUZ BIN OMAR,PKR,"28,959",MENANG
KEDAH,P. 009 - ALOR SETAR,MUHAMMAD AMINUR SHAFIQ BIN MOHAMAD ABDUH,PAS,"17,275",
KEDAH,P. 009 - ALOR SETAR,YOO WEI HOW,BN,"14,181",
KEDAH,P. 009 - ALOR SETAR,CHAN MING KAI,PKR,"32,475",MENANG
KEDAH,P. 010 - KUALA KEDAH,MUHAMAD RIDUAN BIN OTHMAN,PAS,"23,143",
KEDAH,P. 010 - KUALA KEDAH,ABDULLAH HASNAN BIN KAMARUDDIN,BN,"19,400",
KEDAH,P. 010 - KUALA KEDAH,AZMAN BIN ISMAIL,PKR,"36,624",MENANG
KEDAH,P. 011 - PENDANG,ABDUL MALIK BIN MANAF,BEBAS,81,HILANG DEPOSIT
KEDAH,P. 011 - PENDANG,AWANG BIN HASHIM ,PAS,"26,536",MENANG
KEDAH,P. 011 - PENDANG,WAN SAIFULRUDDIN BIN WAN JAN,PKR,"14,901",
KEDAH,P. 011 - PENDANG,OTHMAN BIN ABDUL,BN,"20,728",
KEDAH,P. 012 - JERAI,JAMIL KHIR BIN BAHAROM,BN,"21,773",
KEDAH,P. 012 - JERAI,SABRI BIN AZIT,PAS,"22,312",MENANG
KEDAH,P. 012 - JERAI,AKHRAMSYAH MUAMMAR UBAIDAH BIN SANUSI,PKR,"21,651",
KEDAH,P. 013 - SIK,AZLI BIN UDA,PKR,"6,970",
KEDAH,P. 013 - SIK,AHMAD TARMIZI BIN SULAIMAN,PAS,"20,088",MENANG
KEDAH,P. 013 - SIK,MANSOR BIN ABD RAHMAN,BN,"14,870",
KEDAH,P. 014 - MERBOK,NOR AZRINA BINTI SURIP,PKR,"30,902",MENANG
KEDAH,P. 014 - MERBOK,AHMAD FAUZI BIN RAMLI,PAS,"19,618",
KEDAH,P. 014 - MERBOK,TAJUL URUS BIN MAT ZAIN,BN,"20,830",
KEDAH,P. 015 - SUNGAI PETANI,SRITHARAN A/L PICHATHU,PRM,279,HILANG DEPOSIT
KEDAH,P. 015 - SUNGAI PETANI,JOHARI BIN ABDUL,PKR,"45,532",MENANG
KEDAH,P. 015 - SUNGAI PETANI,SHARIR BIN LONG,PAS,"22,760",
KEDAH,P. 015 - SUNGAI PETANI,SHAHANIM BINTI MOHAMAD YUSOFF,BN,"23,963",
KEDAH,P. 016 - BALING,HASSAN BIN SAAD,PAS,"37,483",
KEDAH,P. 016 - BALING,ABDUL AZEEZ BIN ABDUL RAHIM,BN,"38,557",MENANG
KEDAH,P. 016 - BALING,MOHD TAUFIK BIN YAACOB,PKR,"14,472",
KEDAH,P. 017 - PADANG SERAI,LEONG YONG KONG,BN,"15,449",
KEDAH,P. 017 - PADANG SERAI,KARUPAIYA A/L MUTUSAMI,PKR,"31,724",MENANG
KEDAH,P. 017 - PADANG SERAI,MUHAMAD SOBRI BIN OSMAN,PAS,"22,911",
KEDAH,P. 018 - KULIM-BANDAR BAHARU,SAIFUDDIN NASUTION BIN ISMAIL,PKR,"23,159",MENANG
KEDAH,P. 018 - KULIM-BANDAR BAHARU,ABDUL RAMAN BIN ABDUL RAZAK,PAS,"12,885",
KEDAH,P. 018 - KULIM-BANDAR BAHARU,ABD AZIZ BIN SHEIKH FADZIR,BN,"18,299",
KELANTAN,P. 019 - TUMPAT,CHE ABDULLAH BIN MAT NAWI,PAS,"47,041",MENANG
KELANTAN,P. 019 - TUMPAT,WAN JOHANI BIN WAN HUSSIN,BN,"29,541",
KELANTAN,P. 019 - TUMPAT,NORDIN BIN SALLEH,PKR,"10,003",HILANG DEPOSIT
KELANTAN,P. 020 - PENGKALAN CHEPA,AHMAD MARZUK BIN SHAARY,PAS,"32,592",MENANG
KELANTAN,P. 020 - PENGKALAN CHEPA,ZALUZI BIN SULAIMAN,BN,"19,360",
KELANTAN,P. 020 - PENGKALAN CHEPA,MOHAMAD BIN IBRAHIM,PKR,"7,435",
KELANTAN,P. 021 - KOTA BHARU,TAKIYUDDIN BIN HASSAN,PAS,"28,291",MENANG
KELANTAN,P. 021 - KOTA BHARU,FIKHRAN HAMSHI BIN MOHAMAD FATMI,BN,"16,256",
KELANTAN,P. 021 - KOTA BHARU,HUSAM BIN MUSA,PKR,"22,422",
KELANTAN,P. 022 - PASIR MAS,AHMAD FADHLI BIN SHAARI,PAS,"28,080",MENANG
KELANTAN,P. 022 - PASIR MAS,NOR AZMAWI BIN AB RAHMAN,BN,"15,005",
KELANTAN,P. 022 - PASIR MAS,CHE UJANG BIN CHE DAUD,PKR,"5,093",HILANG DEPOSIT
KELANTAN,P. 022 - PASIR MAS,IBRAHIM BIN ALI,BEBAS,"5,373",HILANG DEPOSIT
KELANTAN,P. 023 - RANTAU PANJANG,SITI ZAILAH BINTI MOHD YUSOFF,PAS,"24,581",MENANG
KELANTAN,P. 023 - RANTAU PANJANG,ABDULLAH BIN MAT YASIM,BN,"18,431",
KELANTAN,P. 023 - RANTAU PANJANG,WAN SHAH JIHAN BIN WAN DIN,PKR,"5,361",HILANG DEPOSIT
KELANTAN,P. 024 - KUBANG KERIAN,TUAN IBRAHIM BIN TUAN MAN,PAS,"35,620",MENANG
KELANTAN,P. 024 - KUBANG KERIAN,MUHAMMAD BIN ABDUL GHANI,BN,"16,251",
KELANTAN,P. 024 - KUBANG KERIAN,ABDUL HALIM BIN YUSOF,PKR,"11,557",
KELANTAN,P. 025 - BACHOK,NIK MOHAMAD ABDUH BIN NIK ABDUL AZIZ,PAS,"36,188",MENANG
KELANTAN,P. 025 - BACHOK,AWANG ADEK BIN HUSSIN ,BN,"32,896",
KELANTAN,P. 025 - BACHOK,MOHD ZULKIFLI BIN HAJI ZAKARIA,PKR,"4,880",HILANG DEPOSIT
KELANTAN,P. 026 - KETEREH,WAN ISMAIL BIN WAN JUSOH,PAS,"20,841",
KELANTAN,P. 026 - KETEREH,ANNUAR BIN MUSA ,BN,"25,467",MENANG
KELANTAN,P. 026 - KETEREH,MOHD RADZI BIN MD JIDIN,PKR,"6,799",
KELANTAN,P. 027 - TANAH MERAH,JOHARI BIN MAT,PAS,"25,223",
KELANTAN,P. 027 - TANAH MERAH,IKMAL HISHAM BIN ABDUL AZIZ,BN,"28,152",MENANG
KELANTAN,P. 027 - TANAH MERAH,MOHAMAD FAUZI BIN ZAKARIA,PKR,"4,747",HILANG DEPOSIT
KELANTAN,P. 028 - PASIR PUTEH,NIK MUHAMMAD ZAWAWI BIN SALLEH,PAS,"32,307",MENANG
KELANTAN,P. 028 - PASIR PUTEH,ASYRAF WAJDI BIN DUSUKI,BN,"30,947",
KELANTAN,P. 028 - PASIR PUTEH,KAMARUDIN BIN MD NOR,PKR,"4,896",HILANG DEPOSIT
KELANTAN,P. 029 - MACHANG,ZULKIFLI BIN MAMAT,PAS,"23,252",
KELANTAN,P. 029 - MACHANG,AHMAD JAZLAN BIN YAAKUB,BN,"26,076",MENANG
KELANTAN,P. 029 - MACHANG,SAZMI B. MIAH,PKR,"5,695",HILANG DEPOSIT
KELANTAN,P. 030 - JELI,MOHAMAD BIN HAMID,PAS,"15,018",
KELANTAN,P. 030 - JELI,MUSTAPA BIN MOHAMED,BN,"21,665",MENANG
KELANTAN,P. 030 - JELI,AZRAN BIN DERAMAN,PKR,"2,078",HILANG DEPOSIT
KELANTAN,P. 031 - KUALA KRAI,ABDUL LATIFF BIN ABDUL RAHMAN,PAS,"28,903",MENANG
KELANTAN,P. 031 - KUALA KRAI,RAMZI BIN AB RAHMAN,BN,"20,911",
KELANTAN,P. 031 - KUALA KRAI,MOHD YAZID BIN ABDULLAH,PKR,"5,173",HILANG DEPOSIT
KELANTAN,P. 032 - GUA MUSANG,ABDULLAH BIN HUSSEIN,PAS,"15,513",
KELANTAN,P. 032 - GUA MUSANG,TENGKU RAZALEIGH BIN TENGKU MOHD HAMZAH,BN,"19,426",MENANG
KELANTAN,P. 032 - GUA MUSANG,MOHD NOR BIN HUSSIN,PKR,"4,997",
MELAKA,P. 134 - MASJID TANAH,SABIRIN BIN JA'AFAR,PKR,"14,739",
MELAKA,P. 134 - MASJID TANAH,MAS ERMIEYATI BINTI SAMSUDIN,BN,"22,898",MENANG
MELAKA,P. 134 - MASJID TANAH,MOHD NASIR BIN OTHMAN,PAS,"4,688",HILANG DEPOSIT
MELAKA,P. 135 - ALOR GAJAH,WONG NAI CHEE,BN,"22,350",
MELAKA,P. 135 - ALOR GAJAH,MOHD REDZUAN BIN MD YUSOF,PKR,"29,330",MENANG
MELAKA,P. 135 - ALOR GAJAH,MOHAMMAD NAZREE BIN MOHAMMAD ARIS,PAS,"6,135",HILANG DEPOSIT
MELAKA,P. 136 - TANGGA BATU,RUSNAH BINTI ALUAI,PKR,"32,420",MENANG
MELAKA,P. 136 - TANGGA BATU,ZULKIFLI BIN ISMAIL,PAS,"8,961",
MELAKA,P. 136 - TANGGA BATU,ZALI BIN MAT YASIN,BN,"27,761",
MELAKA,P. 137 - HANG TUAH JAYA,MOHD ALI BIN MOHD RUSTAM,BN,"30,427",
MELAKA,P. 137 - HANG TUAH JAYA,MD KHALID BIN KASSIM,PAS,"7,089",HILANG DEPOSIT
MELAKA,P. 137 - HANG TUAH JAYA,SHAMSUL ISKANDAR @ YUSRE BIN MOHD AKIN ,PKR,"39,067",MENANG
MELAKA,P. 138 - KOTA MELAKA,KHOO POAY TIONG,PKR,"76,518",MENANG
MELAKA,P. 138 - KOTA MELAKA,CHOO WEI SERN,BN,"27,343",
MELAKA,P. 138 - KOTA MELAKA,GOH LEONG SAN,BEBAS,"1,415",HILANG DEPOSIT
MELAKA,P. 139 - JASIN,AHMAD BIN HAMZAH,BN,"26,560",MENANG
MELAKA,P. 139 - JASIN,KHAIRUDDIN BIN ABU HASSAN ,PKR,"26,341",
MELAKA,P. 139 - JASIN,ABD. ALIM BIN SHAPIE,PAS,"8,860",
NEGERI SEMBILAN,P. 126 - JELEBU,JALALUDDIN BIN ALIAS,BN,"19,062",MENANG
NEGERI SEMBILAN,P. 126 - JELEBU,MUSTAFAR BIN AB KADIR,PKR,"17,017",
NEGERI SEMBILAN,P. 126 - JELEBU,NORMAN BIN IPIN,PAS,"2,878",HILANG DEPOSIT
NEGERI SEMBILAN,P. 127 - JEMPOL,HAJI MOHD SALIM BIN SHARIF @ MOHD SHARIF,BN,"26,819",MENANG
NEGERI SEMBILAN,P. 127 - JEMPOL,KAMARULZAMAN BIN KAMDIAS,PKR,"25,188",
NEGERI SEMBILAN,P. 127 - JEMPOL,MUSTAFFA BIN DAHARUN,PAS,"5,267",HILANG DEPOSIT
NEGERI SEMBILAN,P. 128 - SEREMBAN,CHONG SIN WOON,BN,"24,809",
NEGERI SEMBILAN,P. 128 - SEREMBAN,LOKE SIEW FOOK,PKR,"55,503",MENANG
NEGERI SEMBILAN,P. 128 - SEREMBAN,SHARIFUDDIN BIN AHMAD,PAS,"11,506",
NEGERI SEMBILAN,P. 129 - KUALA PILAH,HASAN BIN MALEK,BN,"17,845",
NEGERI SEMBILAN,P. 129 - KUALA PILAH,RAFIEI BIN MUSTAPHA ,PAS,"4,347",HILANG DEPOSIT
NEGERI SEMBILAN,P. 129 - KUALA PILAH,EDDIN SYAZLEE BIN SHITH ,PKR,"18,045",MENANG
NEGERI SEMBILAN,P. 130 - RASAH,NG KIAN NAM ,BN,"14,939",
NEGERI SEMBILAN,P. 130 - RASAH,CHA KEE CHIN,PKR,"61,806",MENANG
NEGERI SEMBILAN,P. 130 - RASAH,DAVID DASS A/L ASEERPATHAM,PAP,302,HILANG DEPOSIT
NEGERI SEMBILAN,P. 130 - RASAH,MOHD KHAIRIL ANUAR BIN MOHD WAFA ,PAS,"8,260",HILANG DEPOSIT
NEGERI SEMBILAN,P. 131 - REMBAU,MUSTAFA BIN DOLAH,PAS,"6,028",HILANG DEPOSIT
NEGERI SEMBILAN,P. 131 - REMBAU,KHAIRY JAMALUDDIN ABU BAKAR,BN,"36,096",MENANG
NEGERI SEMBILAN,P. 131 - REMBAU,ROSELI BIN ABDUL GANI,PKR,"31,732",
NEGERI SEMBILAN,P. 132 - PORT DICKSON,MOGAN A/L VELAYATHAM,BN,"18,515",
NEGERI SEMBILAN,P. 132 - PORT DICKSON,MAHFUZ BIN ROSLAN ,PAS,"6,594",HILANG DEPOSIT
NEGERI SEMBILAN,P. 132 - PORT DICKSON,DANYAL BALAGOPAL ABDULLAH,PKR,"36,225",MENANG
NEGERI SEMBILAN,P. 133 - TAMPIN,SHAZIMAN BIN ABU MANSOR,BN,"21,433",
NEGERI SEMBILAN,P. 133 - TAMPIN,ABDUL HALIM BIN ABU BAKAR,PAS,"4,598",HILANG DEPOSIT
NEGERI SEMBILAN,P. 133 - TAMPIN,HASAN BIN BAHROM,PKR,"22,435",MENANG
PAHANG,P. 078 - CAMERON HIGHLANDS,WAN MAHADIR BIN WAN MAHMUD,PAS,"3,587",
PAHANG,P. 078 - CAMERON HIGHLANDS,SIVARAJ A/L CHANDRAN,BN,"10,307",MENANG
PAHANG,P. 078 - CAMERON HIGHLANDS,MANOGARAN MARIMUTHU,PKR,"9,710",
PAHANG,P. 078 - CAMERON HIGHLANDS,SURESH KUMAR A/L BALASUBRAMANIAM,PSM,680,HILANG DEPOSIT
PAHANG,P. 078 - CAMERON HIGHLANDS,MOHD TAHIR BIN HAJI KASSIM,BERJASA,81,HILANG DEPOSIT
PAHANG,P. 079 - LIPIS,BADARUDIN BIN ABD RAHAMAN,PKR,"7,426",
PAHANG,P. 079 - LIPIS,ABDUL RAHMAN BIN MOHAMAD,BN,"13,995",MENANG
PAHANG,P. 079 - LIPIS,SOBIRIN BIN HJ DULI,PAS,"6,671",
PAHANG,P. 080 - RAUB,TENGKU ZULPURI SHAH BIN RAJA PUJI,PKR,"20,659",MENANG
PAHANG,P. 080 - RAUB,MOHAMED NILAM BIN ABDUL MANAP,PAS,"7,866",
PAHANG,P. 080 - RAUB,CHEW MEI FUN,BN,"17,500",
PAHANG,P. 081 - JERANTUT,YOHANIS BIN AHMAD,PAS,"16,732",
PAHANG,P. 081 - JERANTUT,AHMAD NAZLAN BIN IDRIS,BN,"22,640",MENANG
PAHANG,P. 081 - JERANTUT,WAN MOHD SHAHARIR BIN WAN ABD. JALIL,PKR,"10,877",
PAHANG,P. 082 - INDERA MAHKOTA,NASRUDIN BIN HASSAN,PAS,"17,515",
PAHANG,P. 082 - INDERA MAHKOTA,SAIFUDDIN BIN ABDULLAH,PKR,"28,578",MENANG
PAHANG,P. 082 - INDERA MAHKOTA,JOHAN BIN MAT SAH,BN,"17,628",
PAHANG,P. 083 - KUANTAN,WONG KEAN HWEE,BN,"13,667",
PAHANG,P. 083 - KUANTAN,FUZIAH BINTI SALLEH,PKR,"22,807",MENANG
PAHANG,P. 083 - KUANTAN,SULAIMAN BIN MD DERUS,PAS,"14,696",
PAHANG,P. 084 - PAYA BESAR,MOHD SHAHAR BIN ABDULLAH,BN,"19,033",MENANG
PAHANG,P. 084 - PAYA BESAR,MOHAMAD AZHAR BIN MOHD NOOR,PAS,"13,291",
PAHANG,P. 084 - PAYA BESAR,MOHD ASHRAF MUSTAQIM BIN BADRUL MUNIR,PKR,"11,776",
PAHANG,P. 085 - PEKAN,MOHD NAJIB BIN TUN ABD RAZAK,BN,"43,854",MENANG
PAHANG,P. 085 - PEKAN,AHIATUDIN BIN DAUD,PAS,"18,995",
PAHANG,P. 085 - PEKAN,ABD KADIR BIN SAINUDIN,BEBAS,103,HILANG DEPOSIT
PAHANG,P. 085 - PEKAN,MUHAMMAD ZAHID BIN MD ARIP,PKR,"7,662",HILANG DEPOSIT
PAHANG,P. 086 - MARAN,AHMAD FARID BIN AHMAD NORDIN,PKR,"4,360",
PAHANG,P. 086 - MARAN,HASENAN BIN HARON,PAS,"12,301",
PAHANG,P. 086 - MARAN,ISMAIL BIN ABD. MUTTALIB,BN,"16,064",MENANG
PAHANG,P. 087 - KUALA KRAU,ISMAIL BIN MOHAMED SAID,BN,"18,058",MENANG
PAHANG,P. 087 - KUALA KRAU,KAMAL BIN ASHAARI,PAS,"15,182",
PAHANG,P. 087 - KUALA KRAU,MOHAMAD RAFIDEE BIN HASSIM,PKR,"5,071",
PAHANG,P. 088 - TEMERLOH,MOHD. ANUAR BIN MOHD TAHIR,PKR,"23,998",MENANG
PAHANG,P. 088 - TEMERLOH,MOHD KHAIDIR BIN AHMAD,BEBAS,178,HILANG DEPOSIT
PAHANG,P. 088 - TEMERLOH,MOHD SHARKAR BIN SHAMSUDIN,BN,"22,094",
PAHANG,P. 088 - TEMERLOH,MD JUSOH BIN DARUS,PAS,"14,734",
PAHANG,P. 088 - TEMERLOH,MUHAMAD FAKHRUDIN BIN ABU HANIPAH,BEBAS,46,HILANG DEPOSIT
PAHANG,P. 089 - BENTONG,LIOW TIONG LAI,BN,"23,684",
PAHANG,P. 089 - BENTONG,WONG TACK,PKR,"25,716",MENANG
PAHANG,P. 089 - BENTONG,BALASUBRAMANIAM A/L NACHIAPPAN,PAS,"5,706",HILANG DEPOSIT
PAHANG,P. 090 - BERA,ZAKARIA BIN ABDUL HAMID,PKR,"18,449",
PAHANG,P. 090 - BERA,MUSANIFF BIN AB. RAHMAN,PAS,"8,096",
PAHANG,P. 090 - BERA,ISMAIL SABRI BIN YAAKOB,BN,"20,760",MENANG
PAHANG,P. 091 - ROMPIN,SITARUNISAH BINTI AB KADIR,PKR,"7,876",
PAHANG,P. 091 - ROMPIN,HASAN BIN ARIFIN,BN,"26,628",MENANG
PAHANG,P. 091 - ROMPIN,M SHAHRUL NIZAM BIN ABDUL HALIFF,PAS,"15,233",
PERAK,P. 054 - GERIK,MOHD DAHALAN BIN HJ ISMAIL,PAS,"7,715",
PERAK,P. 054 - GERIK,HASBULLAH BIN OSMAN,BN,"13,243",MENANG
PERAK,P. 054 - GERIK,IBRAHIM BIN MOHD HANAFIAH,PKR,"6,353",
PERAK,P. 055 - LENGGONG,AMIRUL FAIRUZZEEN BIN JAMALUDDIN,PKR,"3,932",
PERAK,P. 055 - LENGGONG,SHAMSUL ANUAR BIN NASARAH,BN,"12,523",MENANG
PERAK,P. 055 - LENGGONG,MUHAMMAD MUJAHID BIN MOHAMMAD FADZIL,PAS,"6,750",
PERAK,P. 056 - LARUT,HAMZAH BIN ZAINUDIN,BN,"18,184",MENANG
PERAK,P. 056 - LARUT,ABU HUSIN BIN MOHMMAD,PAS,"13,698",
PERAK,P. 056 - LARUT,KHAIRIL ANUAR BIN AKHIRUDDIN,PKR,"7,738",
PERAK,P. 057 - PARIT BUNTAR,AHMAD AZHAR BIN SHARIN,PAS,"12,312",
PERAK,P. 057 - PARIT BUNTAR,ABDUL PUHAT BIN MAT NAYAN,BN,"13,655",
PERAK,P. 057 - PARIT BUNTAR,MUJAHID BIN YUSOF,PKR,"16,753",MENANG
PERAK,P. 058 - BAGAN SERAI,NOOR AZMI BIN GHAZALI,BN,"17,220",MENANG
PERAK,P. 058 - BAGAN SERAI,ADAM BIN ASMUNI,PKR,"12,987",
PERAK,P. 058 - BAGAN SERAI,ROHAYA BINTI BAKAR,PAS,"17,048",
PERAK,P. 059 - BUKIT GANTANG,KHADRI BIN KHALID,PKR,"18,361",
PERAK,P. 059 - BUKIT GANTANG,SYED ABU HUSSIN BIN HAFIZ SYED ABDUL FASAL,BN,"22,450",MENANG
PERAK,P. 059 - BUKIT GANTANG,IDRIS BIN AHMAD,PAS,"16,052",
PERAK,P. 060 - TAIPING,TEH KOK LIM,PKR,"42,997",MENANG
PERAK,P. 060 - TAIPING,IBRAHIM BIN ISMAIL,PAS,"11,133",
PERAK,P. 060 - TAIPING,TAN KENG LIANG,BN,"15,613",
PERAK,P. 061 - PADANG RENGAS,MOHAMED NAZRI BIN ABDUL AZIZ,BN,"10,491",MENANG
PERAK,P. 061 - PADANG RENGAS,MOHAMAD AZALAN BIN MOHAMAD RADZI,PAS,"6,847",
PERAK,P. 061 - PADANG RENGAS,EJAZI BIN YAHAYA,PKR,"7,943",
PERAK,P. 062 - SUNGAI SIPUT,MICHAEL JEYAKUMAR DEVARAJ,PSM,"1,505",HILANG DEPOSIT
PERAK,P. 062 - SUNGAI SIPUT,ISHAK BIN IBRAHIM,PAS,"5,194",HILANG DEPOSIT
PERAK,P. 062 - SUNGAI SIPUT,KESAVAN A/L SUBRAMANIAM,PKR,"20,817",MENANG
PERAK,P. 062 - SUNGAI SIPUT,DEVAMANY A/L S. KRISHNASAMY,BN,"15,210",
PERAK,P. 063 - TAMBUN,AHMAD HUSNI BIN MOHAMAD HANADZLAH,BN,"33,341",
PERAK,P. 063 - TAMBUN,MUHAMAD ZULKIFLI BIN MOHAMAD ZAKARIA,PAS,"14,948",
PERAK,P. 063 - TAMBUN,AHMAD FAIZAL BIN AZUMU,PKR,"38,661",MENANG
PERAK,P. 064 - IPOH TIMOR,KATHLEEN WONG MEI YIN,BN,"13,722",
PERAK,P. 064 - IPOH TIMOR,WONG KAH WOH,PKR,"56,519",MENANG
PERAK,P. 065 - IPOH BARAT,CHENG WEI YEE,BN,"9,889",
PERAK,P. 065 - IPOH BARAT,M.KULASEGARAN A/L V.MURUGESON,PKR,"55,613",MENANG
PERAK,P. 066 - BATU GAJAH,LEONG CHEE WAI,BN,"8,982",
PERAK,P. 066 - BATU GAJAH,KUNASEKARAN A/L KRISHNAN,PSM,955,HILANG DEPOSIT
PERAK,P. 066 - BATU GAJAH,SIVAKUMAR A/L VARATHARAJU NAIDU,PKR,"52,850",MENANG
PERAK,P. 067 - KUALA KANGSAR,AHMAD TERMIZI BIN RAMLI,PKR,"11,371",
PERAK,P. 067 - KUALA KANGSAR,MASTURA BINTI MOHD YAZID ,BN,"12,102",MENANG
PERAK,P. 067 - KUALA KANGSAR,KHALIL IDHAM LIM BIN ABDULLAH,PAS,"6,583",
PERAK,P. 068 - BERUAS,NGEH KOO HAM,PKR,"41,231",MENANG
PERAK,P. 068 - BERUAS,MOHAMAD NAZEER BIN M K M HAMEED,PAS,"5,759",HILANG DEPOSIT
PERAK,P. 068 - BERUAS,PANG CHOK KING,BN,"13,277",
PERAK,P. 069 - PARIT,NAJIHATUSSALEHAH BINTI AHMAD,PAS,"7,715",
PERAK,P. 069 - PARIT,MOHD NIZAR BIN ZAKARIA,BN,"14,035",MENANG
PERAK,P. 069 - PARIT,AHMAD TARMIZI BIN MOHD JAM,PKR,"7,240",
PERAK,P. 070 - KAMPAR,SU KEONG SIONG,PKR,"30,216",MENANG
PERAK,P. 070 - KAMPAR,LEE CHEE LEONG,BN,"18,415",
PERAK,P. 070 - KAMPAR,YOUGAN A/L MAHALINGAM,PAS,"3,864",HILANG DEPOSIT
PERAK,P. 071 - GOPENG,ISMAIL BIN ARIFFIN,PAS,"11,165",
PERAK,P. 071 - GOPENG,LEE BOON CHYE,PKR,"48,923",MENANG
PERAK,P. 071 - GOPENG,HENG SEAI KIE,BN,"19,145",
PERAK,P. 072 - TAPAH,NORAZLI BIN MUSA,PAS,"4,616",
PERAK,P. 072 - TAPAH,MOHAMED AZNI BIN MOHAMED ALI,PKR,"15,472",
PERAK,P. 072 - TAPAH,SARAVANAN A/L MURUGAN,BN,"16,086",MENANG
PERAK,P. 073 - PASIR SALAK,TAJUDDIN BIN ABDUL RAHMAN ,BN,"20,003",MENANG
PERAK,P. 073 - PASIR SALAK,SALIHUDDIN BIN RADIN SUMADI,PKR,"12,291",
PERAK,P. 073 - PASIR SALAK,ZAFARULAZHAN BIN ZAN,PAS,"11,151",
PERAK,P. 074 - LUMUT,MOHAMMED ZAMRI BIN IBRAHIM ,PAS,"10,135",
PERAK,P. 074 - LUMUT,ZAMBRY BIN ABD KADIR,BN,"21,555",
PERAK,P. 074 - LUMUT,MOHD HATTA BIN MD RAMLI,PKR,"21,955",MENANG
PERAK,P. 075 - BAGAN DATUK,AHMAD ZAHID BIN HAMIDI,BN,"18,909",MENANG
PERAK,P. 075 - BAGAN DATUK,PAKHRURRAZI BIN HJ ARSHAD,PKR,"13,836",
PERAK,P. 075 - BAGAN DATUK,ATA ABDUL MUNEIM BIN HASAN ADLI,PAS,"4,061",HILANG DEPOSIT
PERAK,P. 076 - TELUK INTAN,MAH SIEW KEONG,BN,"17,991",
PERAK,P. 076 - TELUK INTAN,NGA KOR MING,PKR,"29,170",MENANG
PERAK,P. 076 - TELUK INTAN,AHMAD RAMADZAN BIN AHMAD DAUD,PAS,"6,494",HILANG DEPOSIT
PERAK,P. 077 - TANJONG MALIM,CHANG LIH KANG,PKR,"24,672",MENANG
PERAK,P. 077 - TANJONG MALIM,MOHD TARMIZI BIN AB RAHMAN,PAS,"10,311",
PERAK,P. 077 - TANJONG MALIM,MAH HANG SOON,BN,"19,314",
PERLIS,P. 001 - PADANG BESAR,MOKHTAR BIN SENIK,PAS,"7,874",
PERLIS,P. 001 - PADANG BESAR,ZAHIDI BIN ZAINUL ABIDIN,BN,"15,032",MENANG
PERLIS,P. 001 - PADANG BESAR,IZIZAM BIN IBRAHIM,PKR,"13,594",
PERLIS,P. 002 - KANGAR,NOOR AMIN BIN AHMAD,PKR,"20,909",MENANG
PERLIS,P. 002 - KANGAR,MOHAMAD ZAHID BIN IBRAHIM ,PAS,"8,465",
PERLIS,P. 002 - KANGAR,RAMLI BIN SHARIFF,BN,"15,306",
PERLIS,P. 003 - ARAU,HASHIM BIN HJ JASIN,PAS,"11,362",
PERLIS,P. 003 - ARAU,ABD RAHMAN BIN DAUD,PKR,"11,691",
PERLIS,P. 003 - ARAU,SHAHIDAN BIN KASSIM,BN,"16,547",MENANG
PULAU PINANG,P. 041 - KEPALA BATAS,SITI MASTURA BINTI MUHAMMAD,PAS,"12,120",
PULAU PINANG,P. 041 - KEPALA BATAS,ZAIDI BIN ZAKARIA,PKR,"17,723",
PULAU PINANG,P. 041 - KEPALA BATAS,REEZAL MERICAN BIN NAINA MERICAN,BN,"22,459",MENANG
PULAU PINANG,P. 042 - TASEK GELUGOR,SHABUDIN BIN YAHAYA,BN,"18,547",MENANG
PULAU PINANG,P. 042 - TASEK GELUGOR,RIZAL HAFIZ BIN RUSLAN,PAS,"14,891",
PULAU PINANG,P. 042 - TASEK GELUGOR,MARZUKI BIN YAHYA,PKR,"18,466",
PULAU PINANG,P. 043 - BAGAN,LIM GUAN ENG ,PKR,"51,653",MENANG
PULAU PINANG,P. 043 - BAGAN,KOAY XING BOON,MU,181,HILANG DEPOSIT
PULAU PINANG,P. 043 - BAGAN,LEE BENG SENG,BN,"7,751",
PULAU PINANG,P. 043 - BAGAN,HUAN CHENG GUAN,PCM,502,HILANG DEPOSIT
PULAU PINANG,P. 044 - PERMATANG PAUH,MOHD ZAIDI BIN MOHD SAID,BN,"19,866",
PULAU PINANG,P. 044 - PERMATANG PAUH,AFNAN HAMIMI BIN TAIB AZAMUDDEN,PAS,"14,428",
PULAU PINANG,P. 044 - PERMATANG PAUH,NURUL IZZAH BINTI ANWAR,PKR,"35,534",MENANG
PULAU PINANG,P. 045 - BUKIT MERTAJAM,SIM CHEE KEONG,PKR,"63,784",MENANG
PULAU PINANG,P. 045 - BUKIT MERTAJAM,GUI GUAT LYE,BN,"10,907",
PULAU PINANG,P. 046 - BATU KAWAN,JAYANTHI DEVI A/P BALAGURU,BN,"9,130",
PULAU PINANG,P. 046 - BATU KAWAN,OOI KHAR GIAP,PFP,256,HILANG DEPOSIT
PULAU PINANG,P. 046 - BATU KAWAN,JAY KUMAR A/L BALAKRISHNA,PAS,"2,636",HILANG DEPOSIT
PULAU PINANG,P. 046 - BATU KAWAN,KASTHURIRAANI A/P PATTO,PKR,"42,683",MENANG
PULAU PINANG,P. 047 - NIBONG TEBAL,SHAIK HUSSEIN BIN MYDIN,BN,"19,578",
PULAU PINANG,P. 047 - NIBONG TEBAL,MANSOR BIN OTHMAN,PKR,"35,395",MENANG
PULAU PINANG,P. 047 - NIBONG TEBAL,MOHD HELMI BIN HARUN,PAS,"6,875",HILANG DEPOSIT
PULAU PINANG,P. 047 - NIBONG TEBAL,TAN TEE BENG,BEBAS,331,HILANG DEPOSIT
PULAU PINANG,P. 048 - BUKIT BENDERA,WONG HON WAI,PKR,"50,049",MENANG
PULAU PINANG,P. 048 - BUKIT BENDERA,ANDY YONG KIM SENG,BN,"9,318",
PULAU PINANG,P. 048 - BUKIT BENDERA,TAN GIN THEAM,MU,339,HILANG DEPOSIT
PULAU PINANG,P. 049 - TANJONG,CHOW KON YEOW,PKR,"34,663",MENANG
PULAU PINANG,P. 049 - TANJONG,NG SIEW LAI,BN,"5,064",
PULAU PINANG,P. 050 - JELUTONG,TAN SIM BEE,MU,437,HILANG DEPOSIT
PULAU PINANG,P. 050 - JELUTONG,SANISVARA NETHAJI RAYER A/L RAJAJI,PKR,"50,700",MENANG
PULAU PINANG,P. 050 - JELUTONG,BALJIT SINGH A/L JIGIRI SINGH,BN,"12,529",
PULAU PINANG,P. 051 - BUKIT GELUGOR,LOW JOO HIAP,BN,"9,671",
PULAU PINANG,P. 051 - BUKIT GELUGOR,RAMKARPAL SINGH A/L KARPAL SINGH,PKR,"65,622",MENANG
PULAU PINANG,P. 051 - BUKIT GELUGOR,LAI XUE CHING,MU,412,HILANG DEPOSIT
PULAU PINANG,P. 052 - BAYAN BARU,ISZUREE BIN IBRAHIM,PAS,"8,757",HILANG DEPOSIT
PULAU PINANG,P. 052 - BAYAN BARU,SIM TZE TZIN,PKR,"51,555",MENANG
PULAU PINANG,P. 052 - BAYAN BARU,CHUAH SENG GUAN,BN,"13,804",
PULAU PINANG,P. 052 - BAYAN BARU,YIM BOON LEONG,MU,733,HILANG DEPOSIT
PULAU PINANG,P. 053 - BALIK PULAU,MUHAMMAD IMRAN BIN MUHAMMAD SA'AD,PAS,"5,298",HILANG DEPOSIT
PULAU PINANG,P. 053 - BALIK PULAU,MUHAMMAD BAKHTIAR BIN WAN CHIK,PKR,"25,471",MENANG
PULAU PINANG,P. 053 - BALIK PULAU,HILMI BIN YAHAYA,BN,"19,007",
SABAH,P. 167 - KUDAT,DATUK ABD RAHIM BIN BAKRI,BN,"18,503",MENANG
SABAH,P. 167 - KUDAT,MOHD ASHRAF CHIN ABDULLAH,PPRS,"1,432",HILANG DEPOSIT
SABAH,P. 167 - KUDAT,SH AZMAN BIN SH ALONG,WARISAN,"17,144",
SABAH,P. 168 - KOTA MARUDU,JOHNITY @ MAXIMUS BIN ONGKILI,BN,"13,033",MENANG
SABAH,P. 168 - KOTA MARUDU,BARLUS BIN MANGABIS,WARISAN,"7,113",
SABAH,P. 168 - KOTA MARUDU,PAUL BIN PORODONG,PCS,"2,501",HILANG DEPOSIT
SABAH,P. 168 - KOTA MARUDU,MAIJOL BIN MAHAP,HR,"11,259",
SABAH,P. 169 - KOTA BELUD,DATUK SERI PANGLIMA MD SALLEH MD SAID,BN,"19,167",
SABAH,P. 169 - KOTA BELUD,MIASIN@AIMADUDDIN BIN MION,HR,"2,092",HILANG DEPOSIT
SABAH,P. 169 - KOTA BELUD,LAIMAN BIN IKIN @ AG LAIMAN B.KAKIMIN,PAS,"1,410",HILANG DEPOSIT
SABAH,P. 169 - KOTA BELUD,ISNARAISSAH MUNIRAH BT MAJILIS @ FAKHARUDY,WARISAN,"23,429",MENANG
SABAH,P. 170 - TUARAN,CHRISNADIA BINTI SINAM,PKR,"14,870",
SABAH,P. 170 - TUARAN,MADIUS BIN TANGAU,BN,"22,494",MENANG
SABAH,P. 170 - TUARAN,PAUMIN @ MOHD AMINUDDIN BIN ALING,PAS,"1,357",HILANG DEPOSIT
SABAH,P. 170 - TUARAN,KALAKAU @ KALAKAN BIN UNTOL @ ENTOL,PCS,"2,611",HILANG DEPOSIT
SABAH,P. 170 - TUARAN,SYRA PETER @ P GOM,HR,"2,311",HILANG DEPOSIT
SABAH,P. 171 - SEPANGGAR,ROBERT SOPINING,PCS,971,HILANG DEPOSIT
SABAH,P. 171 - SEPANGGAR,ABD RAHMAN BIN DAHLAN,BN,"15,436",
SABAH,P. 171 - SEPANGGAR,JEFFREY KUMIN,SAPP,"2,958",HILANG DEPOSIT
SABAH,P. 171 - SEPANGGAR,MOHD AZIS BIN JAMMAN,WARISAN,"28,420",MENANG
SABAH,P. 172 - KOTA KINABALU,CHAN FOONG HIN,DAP,"31,632",MENANG
SABAH,P. 172 - KOTA KINABALU,LEE HAN KYUN @ JOSEPH LEE,BN,"7,546",
SABAH,P. 172 - KOTA KINABALU,YONG TECK LEE,SAPP,"3,132",HILANG DEPOSIT
SABAH,P. 173 - PUTATAN,JIVOL @ EDMUND BIN DOUDILIM,HR,"1,755",HILANG DEPOSIT
SABAH,P. 173 - PUTATAN,ZULZAIM HILMEE BIN ABIDIN,PAS,"2,434",HILANG DEPOSIT
SABAH,P. 173 - PUTATAN,AWANG HUSAINI BIN SAHARI,PKR,"14,106",MENANG
SABAH,P. 173 - PUTATAN,MIL KUSIN BIN ABDILLAH,ANAKNEGERI,728,HILANG DEPOSIT
SABAH,P. 173 - PUTATAN,MAKIN @ MARCUS MAJIGOH,BN,"11,767",
SABAH,P. 174 - PENAMPANG,IGNATIUS DORELL LEIKING,WARISAN,"32,470",MENANG
SABAH,P. 174 - PENAMPANG,CLEFTUS STEPHEN SPINE ,SOLIDARITI,"1,196",HILANG DEPOSIT
SABAH,P. 174 - PENAMPANG,CEASAR MANDELA MALAKUN,BN,"8,997",
SABAH,P. 174 - PENAMPANG,EDWIN @ JACK BOSI,ANAKNEGERI,445,HILANG DEPOSIT
SABAH,P. 175 - PAPAR,ELBERT BIN SIKUIL,PCS,481,HILANG DEPOSIT
SABAH,P. 175 - PAPAR,JAMIL BIN WILLIAM CORE,SOLIDARITI,892,HILANG DEPOSIT
SABAH,P. 175 - PAPAR,DATUK ROSNAH BINTI HJ ABD RASHID SHIRLIN,BN,"17,069",
SABAH,P. 175 - PAPAR,AHMAD BIN HASSAN,WARISAN,"17,394",MENANG
SABAH,P. 176 - KIMANIS,KARIM BIN BUJANG,WARISAN,"11,786",
SABAH,P. 176 - KIMANIS,JAAFAR BIN ISMAIL,HR,"1,300",HILANG DEPOSIT
SABAH,P. 176 - KIMANIS,ANIFAH BIN AMAN @ HANIFF AMMAN ,BN,"11,942",MENANG
SABAH,P. 177 - BEAUFORT,DATUK AZIZAH BINTI MOHD DUN,BN,"11,354",MENANG
SABAH,P. 177 - BEAUFORT,LAJIM BIN UKIN,HR,"8,023",
SABAH,P. 177 - BEAUFORT,JOHAN @ CHRISTOPHER BIN OT GHANI,PKR,"7,835",
SABAH,P. 178 - SIPITANG,NOOR HAYATY BINTI MUSTAPHA,WARISAN,"11,186",
SABAH,P. 178 - SIPITANG,DAYANG AEZZY BINTI LIMAN,HR,"1,547",HILANG DEPOSIT
SABAH,P. 178 - SIPITANG,YAMANI HAFEZ BIN MUSA,BN,"12,038",MENANG
SABAH,P. 179 - RANAU,ANDAU BIN YASUN @ BRUNO,PCS,"1,110",HILANG DEPOSIT
SABAH,P. 179 - RANAU,SOUDI @ SAMI BIN ANDANG,SOLIDARITI,"3,148",HILANG DEPOSIT
SABAH,P. 179 - RANAU,EWON BIN EBIN,BN,"13,804",
SABAH,P. 179 - RANAU,JONATHAN BIN YASIN,PKR,"14,880",MENANG
SABAH,P. 180 - KENINGAU,DANIEL BIN KINSIK,BN,"12,742",
SABAH,P. 180 - KENINGAU,GAPARI BIN KATINGAN @ GEOFFREY KITINGAN,SOLIDARITI,"13,286",MENANG
SABAH,P. 180 - KENINGAU,JIKULIN NOINTIN @ ANASTASIUS,WARISAN,"13,241",
SABAH,P. 180 - KENINGAU,JIUS BIN AWANG,PCS,433,HILANG DEPOSIT
SABAH,P. 180 - KENINGAU,MAIMIN BIN RIJAN,BEBAS,248,HILANG DEPOSIT
SABAH,P. 180 - KENINGAU,JUSTIN BIN GUKA,BEBAS,199,HILANG DEPOSIT
SABAH,P. 181 - TENOM,NOORITA BINTI SUAL,DAP,"11,363",MENANG
SABAH,P. 181 - TENOM,RUBIN BIN BALANG,BN,"10,230",
SABAH,P. 181 - TENOM,LAIMOI @ YUSLINAH BINTI LAIKIM,HR,645,HILANG DEPOSIT
SABAH,P. 182 - PENSIANGAN,JOH BIN JIMMY @ RICHARD JOE JIMMY,SOLIDARITI,"2,839",HILANG DEPOSIT
SABAH,P. 182 - PENSIANGAN,ARTHUR JOSEPH KURUP ,BN,"11,783",MENANG
SABAH,P. 182 - PENSIANGAN,MAIDIN BIN ATAK @ MAIDIN HAJI OSMAN,PCS,212,HILANG DEPOSIT
SABAH,P. 182 - PENSIANGAN,ENGAH BIN SINTAN @ DAHLAN BIN ABDULLAH,BEBAS,65,HILANG DEPOSIT
SABAH,P. 182 - PENSIANGAN,RAYMOND BIN AHUAR,PKR,"9,469",
SABAH,P. 183 - BELURAN,DATUK RONALD KIANDEE,BN,"13,007",MENANG
SABAH,P. 183 - BELURAN,SALIMAH BINTI OYONG,BEBAS,246,HILANG DEPOSIT
SABAH,P. 183 - BELURAN,TOIDY LUIT,PCS,284,HILANG DEPOSIT
SABAH,P. 183 - BELURAN,SIPIN BIN KADANDI,HR,996,HILANG DEPOSIT
SABAH,P. 183 - BELURAN,JAPAR BIN ZAIRUN,WARISAN,"5,892",
SABAH,P. 183 - BELURAN,LEM @ SALIM BIN MATIN,PPRS,273,HILANG DEPOSIT
SABAH,P. 184 - LIBARAN,DATUK ZAKARIA BIN MOHD. EDRIS @ TUBAU,BN,"17,799",MENANG
SABAH,P. 184 - LIBARAN,ALFIAN BIN MANSYUR,HR,"1,223",HILANG DEPOSIT
SABAH,P. 184 - LIBARAN,IRWANSHAH BIN MUSTAPA,WARISAN,"17,121",
SABAH,P. 185 - BATU SAPI,NORSAH BINTI BONGSU,PAS,948,HILANG DEPOSIT
SABAH,P. 185 - BATU SAPI,TSEN THAU LIN,BN,"8,357",
SABAH,P. 185 - BATU SAPI,LIEW VUI KEONG,WARISAN,"12,976",MENANG
SABAH,P. 185 - BATU SAPI,HAMZA BIN A. ABDULLAH @ HAMZAH,AMANAH,980,HILANG DEPOSIT
SABAH,P. 186 - SANDAKAN,LIM MING HOO,BN,"8,996",
SABAH,P. 186 - SANDAKAN,WONG TIEN FATT @ WONG NYUK FOH,DAP,"19,094",MENANG
SABAH,P. 187 - KINABATANGAN,DATO ' SRI MOKTAR BIN RADIN,BN,"14,465",MENANG
SABAH,P. 187 - KINABATANGAN,MUSTAPA BIN DATU TAMBUYONG,HR,"2,066",HILANG DEPOSIT
SABAH,P. 187 - KINABATANGAN,M A GHAZALI BIN ABDUL GHANI,WARISAN,"4,987",
SABAH,P. 188 - SILAM,MOHAMADDIN BIN KETAPI,WARISAN,"23,352",MENANG
SABAH,P. 188 - SILAM,RAMLI BIN PATARUDDIN ,PAS,"1,431",HILANG DEPOSIT
SABAH,P. 188 - SILAM,SITI SHAZIANTI BINTI AJAK,HR,"1,306",HILANG DEPOSIT
SABAH,P. 188 - SILAM,DATU NASRUN BIN DATU MANSUR,BN,"16,951",
SABAH,P. 189 - SEMPORNA,DATUK RAMLEE BIN MARAHABAN,BN,"6,135",
SABAH,P. 189 - SEMPORNA,ABDUL NASIR BIN AB RAUP,PAS,384,HILANG DEPOSIT
SABAH,P. 189 - SEMPORNA,MOHD SHAFIE BIN APDAL,WARISAN,"26,809",MENANG
SABAH,P. 189 - SEMPORNA,ASMARA BIN ASMAD,HR,98,HILANG DEPOSIT
SABAH,P. 190 - TAWAU,MOHAMAD BIN HUSAIN,PAS,"2,518",HILANG DEPOSIT
SABAH,P. 190 - TAWAU,ALIZAMAN BIN JIJURAHMAN,HR,"2,162",HILANG DEPOSIT
SABAH,P. 190 - TAWAU,YAP KAIN CHING @ MARY YAP KEN JIN,BN,"16,673",
SABAH,P. 190 - TAWAU,LIEW CHIN JIN,PKR,"21,400",MENANG
SABAH,P. 191 - KALABAKAN,NORBIN BIN ALOH,PAS,"2,813",HILANG DEPOSIT
SABAH,P. 191 - KALABAKAN,MA'MUN BIN SULAIMAN,WARISAN,"18,486",MENANG
SABAH,P. 191 - KALABAKAN,AHMAD BIN LAHAMA,PPRS,311,HILANG DEPOSIT
SABAH,P. 191 - KALABAKAN,DATUK SERI PANGLIMA ABDUL GHAPUR BIN SALLEH,BN,"15,299",
SARAWAK,P. 192 - MAS GADING,NOGEH ANAK GUMBEK,BN,"9,747",
SARAWAK,P. 192 - MAS GADING,MORDI ANAK BIMOL,DAP,"12,771",MENANG
SARAWAK,P. 193 - SANTUBONG,MOHAMAD FIDZUAN BIN ZAIDI,PKR,"6,894",
SARAWAK,P. 193 - SANTUBONG,WAN JUNAIDI BIN TUANKU JAAFAR,BN,"26,379",MENANG
SARAWAK,P. 194 - PETRA JAYA,HAMDAN BIN SANI,PAS,"1,350",HILANG DEPOSIT
SARAWAK,P. 194 - PETRA JAYA,NOR IRWAN BIN AHMAT NOR,PKR,"13,289",
SARAWAK,P. 194 - PETRA JAYA,FADILLAH BIN YUSOF,BN,"28,306",MENANG
SARAWAK,P. 195 - BANDAR KUCHING,KHO TECK WAN,BN,"12,575",
SARAWAK,P. 195 - BANDAR KUCHING,KELVIN YII LEE WUEN,DAP,"48,548",MENANG
SARAWAK,P. 196 - STAMPIN,SIM KUI HIAN,BN,"18,839",
SARAWAK,P. 196 - STAMPIN,CHONG CHIENG JEN,DAP,"33,060",MENANG
SARAWAK,P. 197 - KOTA SAMARAHAN,RUBIAH BINTI WANG,BN,"25,070",MENANG
SARAWAK,P. 197 - KOTA SAMARAHAN,SOPIAN BIN JULAIHI,PKR,"8,078",
SARAWAK,P. 197 - KOTA SAMARAHAN,ZULKIPLI BIN RAMZI,PAS,"2,719",HILANG DEPOSIT
SARAWAK,P. 198 - PUNCAK BORNEO,BULN ANAK PATRICK RIBOS,STAR,795,HILANG DEPOSIT
SARAWAK,P. 198 - PUNCAK BORNEO,GENOT ANAK SINEL @ JEANNOTH SINEL,BN,"14,860",
SARAWAK,P. 198 - PUNCAK BORNEO,WILLIE ANAK MONGIN,PKR,"18,865",MENANG
SARAWAK,P. 199 - SERIAN,RICHARD RIOT ANAK JAEM,BN,"17,545",MENANG
SARAWAK,P. 199 - SERIAN,EDWARD ANAK ANDREW LUWAK @ EDWARD LUWAK,DAP,"7,640",
SARAWAK,P. 199 - SERIAN,SENIOR ANAK WILLIAM RADE,BEBAS,"2,234",HILANG DEPOSIT
SARAWAK,P. 200 - BATANG SADONG,ASAN BIN SINGKRO,PAS,978,HILANG DEPOSIT
SARAWAK,P. 200 - BATANG SADONG,NANCY BINTI SHUKRI,BN,"14,208",MENANG
SARAWAK,P. 200 - BATANG SADONG,OTHMAN BIN MUSTAPHA @ MOS,PKR,"1,880",HILANG DEPOSIT
SARAWAK,P. 201 - BATANG LUPAR,ROHANI BINTI ABDUL KARIM,BN,"14,204",MENANG
SARAWAK,P. 201 - BATANG LUPAR,NARUDIN BIN MENTALI,PKR,"2,020",HILANG DEPOSIT
SARAWAK,P. 201 - BATANG LUPAR,WAN ABDILLAH BIN WAN AHMAD,PAS,"3,927",
SARAWAK,P. 202 - SRI AMAN,MASIR ANAK KUJAT,BN,"14,141",MENANG
SARAWAK,P. 202 - SRI AMAN,NORINA UMOI ANAK UTOT,PKR,"8,321",
SARAWAK,P. 202 - SRI AMAN,COBBOLD ANAK LUSOI,PBDSB,538,HILANG DEPOSIT
SARAWAK,P. 203 - LUBOK ANTU,ROBERT PASANG ANAK ALAM,BN,"4,775",
SARAWAK,P. 203 - LUBOK ANTU,NICHOLAS BAWIN ANAK ANGGAT,PKR,"3,942",
SARAWAK,P. 203 - LUBOK ANTU,TAMBAT @ JUGAH AK MUYANG,BEBAS,"5,834",MENANG
SARAWAK,P. 204 - BETONG,ROBERT LAWSON CHUAT ,BN,"12,517",MENANG
SARAWAK,P. 204 - BETONG,NOEL CHANGGAI BUCKING,PKR,"3,802",
SARAWAK,P. 204 - BETONG,ABANG AHMAD BIN ABANG SUNI,BEBAS,"4,401",
SARAWAK,P. 205 - SARATOK,JAGAH @ SUBENG ANAK MULA,BN,"10,859",
SARAWAK,P. 205 - SARATOK,ALI ANAK BIJU ,PKR,"11,848",MENANG
SARAWAK,P. 206 - TANJONG MANIS,MOHAMAD FADILLAH BIN SABALI,PKR,"2,728",
SARAWAK,P. 206 - TANJONG MANIS,YUSUF BIN ABD WAHAB,BN,"11,402",MENANG
SARAWAK,P. 207 - IGAN,AHMAD JOHNIE BIN ZAWAWI,BN,"10,538",MENANG
SARAWAK,P. 207 - IGAN,ANDRI ZULKARNAEN BIN HAMDEN,PKR,"2,043",
SARAWAK,P. 208 - SARIKEI,HUANG TIONG SII,BN,"13,757",
SARAWAK,P. 208 - SARIKEI,WONG CHIN KING,PBK,392,HILANG DEPOSIT
SARAWAK,P. 208 - SARIKEI,WONG LING BIU,DAP,"16,327",MENANG
SARAWAK,P. 209 - JULAU,JOSEPH SALANG ANAK GANDUM,BN,"8,174",
SARAWAK,P. 209 - JULAU,LARRY SOON @ LARRY SNG WEI SHIEN,BEBAS,"10,105",MENANG
SARAWAK,P. 210 - KANOWIT,AGO ANAK DAGANG,BN,"9,552",MENANG
SARAWAK,P. 210 - KANOWIT,SATU ANAK ANCHOM,PKR,"5,240",
SARAWAK,P. 211 - LANANG,KONG SIEN CHIU,BN,"15,359",
SARAWAK,P. 211 - LANANG,ALICE LAU KIONG YIENG,DAP,"29,905",MENANG
SARAWAK,P. 211 - LANANG,PRISCILLA LAU,PEACE,628,HILANG DEPOSIT
SARAWAK,P. 212 - SIBU,TIONG ING TUNG,STAR,176,HILANG DEPOSIT
SARAWAK,P. 212 - SIBU,WONG KEE YEW,BN,"22,389",
SARAWAK,P. 212 - SIBU,OSCAR LING CHAI YEW,DAP,"33,811",MENANG
SARAWAK,P. 212 - SIBU,TIEW YEN HOUNG,PEACE,377,HILANG DEPOSIT
SARAWAK,P. 213 - MUKAH,HANIFAH HAJAR TAIB,BN,"13,853",MENANG
SARAWAK,P. 213 - MUKAH,ABDUL JALIL BIN BUJANG,PKR,"6,853",
SARAWAK,P. 214 - SELANGAU,BARU BIAN,PKR,"11,228",MENANG
SARAWAK,P. 214 - SELANGAU,RITA SARIMAH ANAK PATRICK INSOL,BN,"10,742",
SARAWAK,P. 215 - KAPIT,ALEXANDER NANTA LINGGI,BN,"14,302",MENANG
SARAWAK,P. 215 - KAPIT,PAREN ANAK NYAWI,DAP,"3,823",
SARAWAK,P. 216 - HULU RAJANG,UGAK ANAK KUMBONG,BN,"11,834",MENANG
SARAWAK,P. 216 - HULU RAJANG,ABUN SUI ANYIT,PKR,"5,519",
SARAWAK,P. 217 - BINTULU,CHIENG LEA PHING,STAR,328,HILANG DEPOSIT
SARAWAK,P. 217 - BINTULU,TIONG KING SING,BN,"27,076",MENANG
SARAWAK,P. 217 - BINTULU,CHIEW CHAN YEW,DAP,"20,054",
SARAWAK,P. 218 - SIBUTI,LUKANISMAN BIN AWANG SAUNI,BN,"12,214",MENANG
SARAWAK,P. 218 - SIBUTI,JEMAT PANJANG,PKR,"8,538",
SARAWAK,P. 218 - SIBUTI,ZULAIHI BIN BAKAR,PAS,"1,617",HILANG DEPOSIT
SARAWAK,P. 219 - MIRI,SEBASTIAN TING CHIEW YEW,BN,"22,076",
SARAWAK,P. 219 - MIRI,MICHAEL TEO YU KENG,PKR,"35,739",MENANG
SARAWAK,P. 220 - BARAM,ROLAND ENGAN,PKR,"10,181",
SARAWAK,P. 220 - BARAM,ANYI NGAU,BN,"12,171",MENANG
SARAWAK,P. 221 - LIMBANG,HASBI BIN HABIBOLLAH,BN,"12,589",MENANG
SARAWAK,P. 221 - LIMBANG,RICARDO OSMUND YAMPIL BABA,PKR,"4,879",
SARAWAK,P. 222 - LAWAS,HENRY SUM AGONG,BN,"10,037",MENANG
SARAWAK,P. 222 - LAWAS,MOHAMAD BIN HAJI BRAHIM,BEBAS,176,HILANG DEPOSIT
SARAWAK,P. 222 - LAWAS,DANNY PIRI,PKR,"4,037",
SELANGOR,P. 092 - SABAK BERNAM,MOHD FASIAH BIN MOHD FAKEH,BN,"12,862",MENANG
SELANGOR,P. 092 - SABAK BERNAM,MUHAMMAD LABIB BIN ABD JALIL ,PAS,"9,300",
SELANGOR,P. 092 - SABAK BERNAM,WARNO BIN DOGOL ,PKR,"11,188",
SELANGOR,P. 093 - SUNGAI BESAR,BUDIMAN BIN MOHD ZOHDI,BN,"16,636",
SELANGOR,P. 093 - SUNGAI BESAR,MOHAMED SALLEH BIN M HUSIN,PAS,"7,220",
SELANGOR,P. 093 - SUNGAI BESAR,MUSLIMIN BIN YAHAYA,PKR,"17,350",MENANG
SELANGOR,P. 094 - HULU SELANGOR,KUMAR A/L S.PARAMASIVAM,BEBAS,426,HILANG DEPOSIT
SELANGOR,P. 094 - HULU SELANGOR,P.KAMALANATHAN A/L P.PANCHANATHAN,BN,"27,392",
SELANGOR,P. 094 - HULU SELANGOR,LEOW HSIAD HUI,PKR,"40,783",MENANG
SELANGOR,P. 094 - HULU SELANGOR,WAN MAT BIN SULAIMAN,PAS,"16,620",
SELANGOR,P. 095 - TANJONG KARANG,NOH BIN OMAR,BN,"17,596",MENANG
SELANGOR,P. 095 - TANJONG KARANG,NOR AZ AZLAN BIN AHMAD,PAS,"7,276",
SELANGOR,P. 095 - TANJONG KARANG,ZULKAFPERI BIN HANAPI,PKR,"15,626",
SELANGOR,P. 096 - KUALA SELANGOR,IRMOHIZAM BIN IBRAHIM,BN,"21,344",
SELANGOR,P. 096 - KUALA SELANGOR,DZULKEFLY BIN AHMAD,PKR,"29,842",MENANG
SELANGOR,P. 096 - KUALA SELANGOR,MOHD FAKARUDDIN BIN ISMAIL,PAS,"8,535",
SELANGOR,P. 097 - SELAYANG,KANG MENG FUAT,BN,"19,501",
SELANGOR,P. 097 - SELAYANG,WILLIAM LEONG JEE KEEN,PKR,"60,158",MENANG
SELANGOR,P. 097 - SELAYANG,HASHIM BIN ABDUL KARIM,PAS,"18,343",
SELANGOR,P. 098 - GOMBAK,MOHAMED AZMIN BIN ALI,PKR,"75,113",MENANG
SELANGOR,P. 098 - GOMBAK,DATUK ABDUL RAHIM BIN PANDAK KAMARUDIN,BN,"26,392",
SELANGOR,P. 098 - GOMBAK,KHAIRIL NIZAM BIN KHIRUDIN,PAS,"17,537",
SELANGOR,P. 099 - AMPANG,ZURAIDA BINTI KAMARUDDIN,PKR,"54,307",MENANG
SELANGOR,P. 099 - AMPANG,LEONG KIM SOON,BN,"12,351",
SELANGOR,P. 099 - AMPANG,NURUL ISLAM BIN MOHAMED YUSOFF,PAS,"9,598",
SELANGOR,P. 099 - AMPANG,TAN HUA MENG,PRM,294,HILANG DEPOSIT
SELANGOR,P. 100 - PANDAN,MOHAMED SUKRI BIN OMAR,PAS,"8,336",HILANG DEPOSIT
SELANGOR,P. 100 - PANDAN,LEONG KOK WEE,BN,"12,190",
SELANGOR,P. 100 - PANDAN,WAN AZIZAH BINTI WAN ISMAIL,PKR,"64,733",MENANG
SELANGOR,P. 100 - PANDAN,LEE YING HA,PRM,442,HILANG DEPOSIT
SELANGOR,P. 100 - PANDAN,MOHD KHAIRUL AZAM BIN ABDUL AZIZ,BEBAS,73,HILANG DEPOSIT
SELANGOR,P. 101 - HULU LANGAT,AZMAN BIN AHMAD,BN,"23,580",
SELANGOR,P. 101 - HULU LANGAT,CHE ROSLI BIN CHE MAT,PAS,"15,663",
SELANGOR,P. 101 - HULU LANGAT,HASANUDDIN BIN MOHD YUNUS,PKR,"49,004",MENANG
SELANGOR,P. 102 - BANGI,LIEW YUEN KEONG,BN,"19,766",
SELANGOR,P. 102 - BANGI,MOHD SHAFIE BIN NGAH,PAS,"33,789",
SELANGOR,P. 102 - BANGI,WAN JINN WOEI,PRM,215,HILANG DEPOSIT
SELANGOR,P. 102 - BANGI,ONG KIAN MING,PKR,"102,557",MENANG
SELANGOR,P. 103 - PUCHONG,MOHAMAD ROSHARIZAN BIN MOHD ROZLAN,PAS,"10,255",HILANG DEPOSIT
SELANGOR,P. 103 - PUCHONG,ANG CHIN TAT,BN,"12,794",
SELANGOR,P. 103 - PUCHONG,GOBIND SINGH DEO,PKR,"60,429",MENANG
SELANGOR,P. 104 - SUBANG,TAN SEONG LIM,BN,"12,077",HILANG DEPOSIT
SELANGOR,P. 104 - SUBANG,MOHD SHAHIR BIN MOHD ADNAN,PAS,"9,025",HILANG DEPOSIT
SELANGOR,P. 104 - SUBANG,WONG CHEN,PKR,"104,430",MENANG
SELANGOR,P. 104 - SUBANG,TOH SIN WAH,BEBAS,173,HILANG DEPOSIT
SELANGOR,P. 105 - PETALING JAYA ,MARIA CHIN BINTI ABDULLAH,PKR,"78,984",MENANG
SELANGOR,P. 105 - PETALING JAYA ,CHEW HIAN TAT,BN,"21,847",
SELANGOR,P. 105 - PETALING JAYA ,NORAINI BINTI HUSSIN ,PAS,"14,448",
SELANGOR,P. 106 - DAMANSARA,HO KWOK XHENG,BN,"14,380",HILANG DEPOSIT
SELANGOR,P. 106 - DAMANSARA,PUA KIAM WEE,PKR,"121,283",MENANG
SELANGOR,P. 106 - DAMANSARA,'DATO' WONG MUN KHEONG,PRM,617,HILANG DEPOSIT
SELANGOR,P. 107 - SUNGAI BULOH,SIVARASA A/L K.RASIAH,PKR,"43,631",MENANG
SELANGOR,P. 107 - SUNGAI BULOH,NURIDAH BINTI MOHD SALLEH,PAS,"16,997",
SELANGOR,P. 107 - SUNGAI BULOH,PAKAS RAO A/L APPLANAIDOO,BN,"16,681",
SELANGOR,P. 107 - SUNGAI BULOH,ZAINURRIZZAMAN BIN MOHRAM,PSM,642,HILANG DEPOSIT
SELANGOR,P. 108 - SHAH ALAM,AZHARI BIN SHAARI,BN,"22,100",
SELANGOR,P. 108 - SHAH ALAM,MOHD ZUHDI BIN MARSUKI,PAS,"15,194",
SELANGOR,P. 108 - SHAH ALAM,KHALID BIN ABD SAMAD,PKR,"55,949",MENANG
SELANGOR,P. 109 - KAPAR,ABDULLAH SANI BIN ABDUL HAMID,PKR,"47,731",MENANG
SELANGOR,P. 109 - KAPAR,MOHANA A/P MUNIANDY RAMAN,BN,"26,412",
SELANGOR,P. 109 - KAPAR,MANIKAVASAGAM A/L SUNDARAM,PRM,525,HILANG DEPOSIT
SELANGOR,P. 109 - KAPAR,ABD RANI BIN OSMAN,PAS,"31,425",
SELANGOR,P. 110 - KLANG,KHAIRUL SHAH BIN ABDULLAH,PAS,"9,169",HILANG DEPOSIT
SELANGOR,P. 110 - KLANG,CHING EU BOON,BN,"19,506",
SELANGOR,P. 110 - KLANG,CHARLES ANTHONY A/L R.SANTIAGO ,PKR,"98,279",MENANG
SELANGOR,P. 110 - KLANG,PUVANANDERAN A/L GANASAMOORTHY,BEBAS,120,HILANG DEPOSIT
SELANGOR,P. 111 - KOTA RAJA,V.GUNALAN A/L VELU,BN,"17,874",
SELANGOR,P. 111 - KOTA RAJA,MOHAMED DIAH BIN BAHARUN,PAS,"19,555",
SELANGOR,P. 111 - KOTA RAJA,MOHAMAD BIN SABU,PKR,"90,697",MENANG
SELANGOR,P. 112 - KUALA LANGAT,YAHYA BIN BABA,PAS,"18,731",
SELANGOR,P. 112 - KUALA LANGAT,XAVIER JAYAKUMAR A/L ARULANANDAM,PKR,"43,239",MENANG
SELANGOR,P. 112 - KUALA LANGAT,SHAHRIL SUFIAN BIN HAMDAN,BN,"26,127",
SELANGOR,P. 113 - SEPANG,MARSUM BIN PAING,BN,"28,035",
SELANGOR,P. 113 - SEPANG,MOHAMED HANIPA BIN MAIDIN,PKR,"46,740",MENANG
SELANGOR,P. 113 - SEPANG,SABIRIN BIN MARSONO,PAS,"15,882",
TERENGGANU,P. 033 - BESUT,WAN NAZARI BIN WAN JUSOH,PKR,"6,864",HILANG DEPOSIT
TERENGGANU,P. 033 - BESUT,IDRIS BIN JUSOH,BN,"34,335",MENANG
TERENGGANU,P. 033 - BESUT,RIDUAN BIN MOHAMAD NOR,PAS,"29,736",
TERENGGANU,P. 034 - SETIU,MOHD JIDIN BIN SHAFEE,BN,"32,218",
TERENGGANU,P. 034 - SETIU,MOHD FAUDZI BIN MUSA,PKR,"4,740",HILANG DEPOSIT
TERENGGANU,P. 034 - SETIU,SHAHARIZUKIRNAIN BIN ABD KADIR,PAS,"35,020",MENANG
TERENGGANU,P. 035 - KUALA NERUS,TENGKU ASMADI BIN TENGKU MOHAMAD,BN,"29,527",
TERENGGANU,P. 035 - KUALA NERUS,MOHD KHAIRUDDIN BIN AMAN RAZALI,PAS,"37,974",MENANG
TERENGGANU,P. 035 - KUALA NERUS,ABDULLAH BIN MOHAMED,PKR,"4,604",HILANG DEPOSIT
TERENGGANU,P. 036 - KUALA TERENGGANU,RAJA KAMARUL BAHRIN SHAH ,PKR,"15,380",
TERENGGANU,P. 036 - KUALA TERENGGANU,WAN NAWAWI BIN HAJI WAN ISMAIL,BN,"28,215",
TERENGGANU,P. 036 - KUALA TERENGGANU,AHMAD AMZAD BIN MOHAMED @ HASHIM,PAS,"42,988",MENANG
TERENGGANU,P. 037 - MARANG,MOHAMAD NOR BIN ENDOT,BN,"31,795",
TERENGGANU,P. 037 - MARANG,ABDUL HADI BIN AWANG,PAS,"53,749",MENANG
TERENGGANU,P. 037 - MARANG,ZARAWI BIN SULONG,PKR,"5,138",HILANG DEPOSIT
TERENGGANU,P. 038 - HULU TERENGGANU,RAZALI BIN IDRIS,PKR,"3,364",HILANG DEPOSIT
TERENGGANU,P. 038 - HULU TERENGGANU,ROSOL BIN WAHID,BN,"30,925",MENANG
TERENGGANU,P. 038 - HULU TERENGGANU,MUHYIDIN BIN ABDUL RASHID,PAS,"28,057",
TERENGGANU,P. 039 - DUNGUN,WAN HASSAN BIN MOHD RAMLI ,PAS,"40,850",MENANG
TERENGGANU,P. 039 - DUNGUN,DIN BIN ADAM,BN,"27,731",
TERENGGANU,P. 039 - DUNGUN,ABD RAHMAN BIN YUSOF ,PKR,"6,833",HILANG DEPOSIT
TERENGGANU,P. 040 - KEMAMAN,AHD SHABERY BIN CHEEK,BN,"37,715",
TERENGGANU,P. 040 - KEMAMAN,MOHD. HUZAIFAH BIN MD. SUHAIMI,PKR,"12,911",
TERENGGANU,P. 040 - KEMAMAN,CHE ALIAS BIN HAMID,PAS,"39,878",MENANG
WP KUALA LUMPUR,P. 114 - KEPONG,ONG SIANG LIANG,BN,"4,888",HILANG DEPOSIT
WP KUALA LUMPUR,P. 114 - KEPONG,LIM LIP ENG,PKR,"56,516",MENANG
WP KUALA LUMPUR,P. 115 - BATU,VM PANJAMOTHY A/L MUTHUSAMY,BEBAS,383,HILANG DEPOSIT
WP KUALA LUMPUR,P. 115 - BATU,DOMINIC LAU HOE CHAI,BN,"13,687",
WP KUALA LUMPUR,P. 115 - BATU,AZHAR BIN YAHYA,PAS,"10,610",
WP KUALA LUMPUR,P. 115 - BATU,PRABAKARAN A/L M PARAMESWARAN,BEBAS,"38,125",MENANG
WP KUALA LUMPUR,P. 116 - WANGSA MAJU,RAZALI BIN TUMIRIN,PAS,"13,490",
WP KUALA LUMPUR,P. 116 - WANGSA MAJU,YEW TEONG LOOK,BN,"17,940",
WP KUALA LUMPUR,P. 116 - WANGSA MAJU,DR.TAN YEE KEW,PKR,"42,178",MENANG
WP KUALA LUMPUR,P. 117 - SEGAMBUT,MOHD SOLLEH BIN AB RAZAK,PAS,"4,181",HILANG DEPOSIT
WP KUALA LUMPUR,P. 117 - SEGAMBUT,YEOH TSEOW SUAN,PKR,"53,124",MENANG
WP KUALA LUMPUR,P. 117 - SEGAMBUT,LOGA BALA MOHAN A/L JAGANATHAN ,BN,"7,422",HILANG DEPOSIT
WP KUALA LUMPUR,P. 118 - SETIAWANGSA,ZULHASNAN BIN RAFIQUE,BN,"20,099",
WP KUALA LUMPUR,P. 118 - SETIAWANGSA,NIK NAZMI BIN NIK AHMAD,PKR,"34,471",MENANG
WP KUALA LUMPUR,P. 118 - SETIAWANGSA,UBAID BIN ABD AKLA,PAS,"6,282",HILANG DEPOSIT
WP KUALA LUMPUR,P. 119 - TITIWANGSA,MOHAMAD NOOR BIN MOHAMAD,PAS,"6,845",
WP KUALA LUMPUR,P. 119 - TITIWANGSA,RINA BINTI MOHD HARUN,PKR,"23,840",MENANG
WP KUALA LUMPUR,P. 119 - TITIWANGSA,DATUK SERI JOHARI BIN ABDUL GHANI,BN,"19,701",
WP KUALA LUMPUR,P. 120 - BUKIT BINTANG,FONG KUI LUN,PKR,"44,516",MENANG
WP KUALA LUMPUR,P. 120 - BUKIT BINTANG,TAN EAN EAN ,BN,"7,256",
WP KUALA LUMPUR,P. 120 - BUKIT BINTANG,KHAIRUL HUSNI BIN OTHMAN,PFP,636,HILANG DEPOSIT
WP KUALA LUMPUR,P. 121 - LEMBAH PANTAI,RAJA NONG CHIK BIN RAJA ZAINAL ABIDIN,BN,"27,715",
WP KUALA LUMPUR,P. 121 - LEMBAH PANTAI,AHMAD FAHMI BIN MOHAMED FADZIL,PKR,"33,313",MENANG
WP KUALA LUMPUR,P. 121 - LEMBAH PANTAI,FAUZI BIN ABU BAKAR,PAS,"5,277",HILANG DEPOSIT
WP KUALA LUMPUR,P. 122 - SEPUTEH,TERESA KOK SUH SIM,PKR,"63,094",MENANG
WP KUALA LUMPUR,P. 122 - SEPUTEH,CHAN QUIN ER,BN,"7,035",HILANG DEPOSIT
WP KUALA LUMPUR,P. 123 - CHERAS,TAN KOK WAI,PKR,"56,671",MENANG
WP KUALA LUMPUR,P. 123 - CHERAS,HENG SINN YEE,BN,"7,006",HILANG DEPOSIT
WP KUALA LUMPUR,P. 124 - BANDAR TUN RAZAK,ROSNI BINTI ADAM,PAS,"7,884",HILANG DEPOSIT
WP KUALA LUMPUR,P. 124 - BANDAR TUN RAZAK,KAMARUDIN BIN JAFFAR,PKR,"41,126",MENANG
WP KUALA LUMPUR,P. 124 - BANDAR TUN RAZAK,ADNAN BIN SEMAN @ ABDULLAH,BN,"21,196",
WP LABUAN,P. 166 - LABUAN,ROZMAN BIN ISLI,BN,"10,164",MENANG
WP LABUAN,P. 166 - LABUAN,NOOR HALIM BIN ZAINI,WARISAN,"8,714",
WP LABUAN,P. 166 - LABUAN,SITI ZALEHA S.W.IBRAHIM,HR,925,HILANG DEPOSIT
WP LABUAN,P. 166 - LABUAN,AHMAD JUNID @ JUNIT B.MOHD ALING @ ALING,PAS,"1,555",HILANG DEPOSIT
WP PUTRAJAYA,P. 125 - PUTRAJAYA,TENGKU ADNAN BIN TENGKU MANSOR,BN,"12,148",MENANG
WP PUTRAJAYA,P. 125 - PUTRAJAYA,ZAINAL ABIDIN BIN KIDAM,PAS,"3,634",
WP PUTRAJAYA,P. 125 - PUTRAJAYA,SAMSU ADABI BIN MAMAT,PKR,"8,776",
