NEGERI,KOD DAN NAMA PARLIMEN,KOD DAN NAMA DUN
JOHOR,P.140 - SEGAMAT,N. 01 - BULOH KASAP
JOHOR,P.140 - SEGAMAT,N. 01 - BULOH KASAP
JOHOR,P.140 - SEGAMAT,N. 02 - JEMENTAH
JOHOR,P.140 - SEGAMAT,N. 02 - JEMENTAH
JOHOR,P.140 - SEGAMAT,N. 02 - JEMENTAH
JOHOR,P.141 - SEKIJANG,N. 03 - PEMANIS
JOHOR,P.141 - SEKIJANG,N. 03 - PEMANIS
JOHOR,P.141 - SEKIJANG,N. 03 - PEMANIS
JOHOR,P.141 - SEKIJANG,N. 04 - KEMELAH
JOHOR,P.141 - SEKIJANG,N. 04 - KEMELAH
JOHOR,P.142 - LABIS,N. 05 - TENANG
JOHOR,P.142 - LABIS,N. 05 - TENANG
JOHOR,P.142 - LABIS,N. 05 - TENANG
JOHOR,P.142 - LABIS,N. 06 - BEKOK
JOHOR,P.142 - LABIS,N. 06 - BEKOK
JOHOR,P.143 - PAGOH,N. 07 - BUKIT KEPONG
JOHOR,P.143 - PAGOH,N. 07 - BUKIT KEPONG
JOHOR,P.143 - PAGOH,N. 07 - BUKIT KEPONG
JOHOR,P.143 - PAGOH,N. 08 - BUKIT PASIR
JOHOR,P.143 - PAGOH,N. 08 - BUKIT PASIR
JOHOR,P.144 - LEDANG,N. 09 - GAMBIR
JOHOR,P.144 - LEDANG,N. 09 - GAMBIR
JOHOR,P.144 - LEDANG,N. 09 - GAMBIR
JOHOR,P.144 - LEDANG,N. 10 - TANGKAK
JOHOR,P.144 - LEDANG,N. 10 - TANGKAK
JOHOR,P.144 - LEDANG,N. 11 - SEROM
JOHOR,P.144 - LEDANG,N. 11 - SEROM
JOHOR,P.144 - LEDANG,N. 11 - SEROM
JOHOR,P.145 - BAKRI,N. 12 - BENTAYAN
JOHOR,P.145 - BAKRI,N. 12 - BENTAYAN
JOHOR,P.145 - BAKRI,N. 13 - SIMPANG JERAM
JOHOR,P.145 - BAKRI,N. 13 - SIMPANG JERAM
JOHOR,P.145 - BAKRI,N. 13 - SIMPANG JERAM
JOHOR,P.145 - BAKRI,N. 13 - SIMPANG JERAM
JOHOR,P.145 - BAKRI,N. 14 - BUKIT NANING
JOHOR,P.145 - BAKRI,N. 14 - BUKIT NANING
JOHOR,P.145 - BAKRI,N. 14 - BUKIT NANING
JOHOR,P.145 - BAKRI,N. 14 - BUKIT NANING
JOHOR,P.146 - MUAR,N. 15 - MAHARANI
JOHOR,P.146 - MUAR,N. 15 - MAHARANI
JOHOR,P.146 - MUAR,N. 15 - MAHARANI
JOHOR,P.146 - MUAR,N. 16 - SUNGAI BALANG
JOHOR,P.146 - MUAR,N. 16 - SUNGAI BALANG
JOHOR,P.146 - MUAR,N. 16 - SUNGAI BALANG
JOHOR,P.147 - PARIT SULONG,N. 17 - SEMERAH
JOHOR,P.147 - PARIT SULONG,N. 17 - SEMERAH
JOHOR,P.147 - PARIT SULONG,N. 17 - SEMERAH
JOHOR,P.147 - PARIT SULONG,N. 18 - SRI MEDAN
JOHOR,P.147 - PARIT SULONG,N. 18 - SRI MEDAN
JOHOR,P.147 - PARIT SULONG,N. 18 - SRI MEDAN
JOHOR,P.148 - AYER HITAM,N. 19 - YONG PENG
JOHOR,P.148 - AYER HITAM,N. 19 - YONG PENG
JOHOR,P.148 - AYER HITAM,N. 19 - YONG PENG
JOHOR,P.148 - AYER HITAM,N. 20 - SEMARANG
JOHOR,P.148 - AYER HITAM,N. 20 - SEMARANG
JOHOR,P.148 - AYER HITAM,N. 20 - SEMARANG
JOHOR,P.149 - SRI GADING,N. 21 - PARIT YAANI
JOHOR,P.149 - SRI GADING,N. 21 - PARIT YAANI
JOHOR,P.149 - SRI GADING,N. 21 - PARIT YAANI
JOHOR,P.149 - SRI GADING,N. 22 - PARIT RAJA
JOHOR,P.149 - SRI GADING,N. 22 - PARIT RAJA
JOHOR,P.149 - SRI GADING,N. 22 - PARIT RAJA
JOHOR,P.150 - BATU PAHAT,N. 23 - PENGGARAM
JOHOR,P.150 - BATU PAHAT,N. 23 - PENGGARAM
JOHOR,P.150 - BATU PAHAT,N. 23 - PENGGARAM
JOHOR,P.150 - BATU PAHAT,N. 24 - SENGGARANG
JOHOR,P.150 - BATU PAHAT,N. 24 - SENGGARANG
JOHOR,P.150 - BATU PAHAT,N. 24 - SENGGARANG
JOHOR,P.150 - BATU PAHAT,N. 25 - RENGIT
JOHOR,P.150 - BATU PAHAT,N. 25 - RENGIT
JOHOR,P.150 - BATU PAHAT,N. 25 - RENGIT
JOHOR,P.151 - SIMPANG RENGGAM,N. 26 - MACHAP
JOHOR,P.151 - SIMPANG RENGGAM,N. 26 - MACHAP
JOHOR,P.151 - SIMPANG RENGGAM,N. 26 - MACHAP
JOHOR,P.151 - SIMPANG RENGGAM,N. 27 - LAYANG-LAYANG
JOHOR,P.151 - SIMPANG RENGGAM,N. 27 - LAYANG-LAYANG
JOHOR,P.151 - SIMPANG RENGGAM,N. 27 - LAYANG-LAYANG
JOHOR,P.152 - KLUANG,N. 28 - MENGKIBOL
JOHOR,P.152 - KLUANG,N. 28 - MENGKIBOL
JOHOR,P.152 - KLUANG,N. 29 - MAHKOTA
JOHOR,P.152 - KLUANG,N. 29 - MAHKOTA
JOHOR,P.152 - KLUANG,N. 29 - MAHKOTA
JOHOR,P.153 - SEMBRONG,N. 30 - PALOH
JOHOR,P.153 - SEMBRONG,N. 30 - PALOH
JOHOR,P.153 - SEMBRONG,N. 30 - PALOH
JOHOR,P.153 - SEMBRONG,N. 31 - KAHANG
JOHOR,P.153 - SEMBRONG,N. 31 - KAHANG
JOHOR,P.154 - MERSING,N. 32 - ENDAU
JOHOR,P.154 - MERSING,N. 32 - ENDAU
JOHOR,P.154 - MERSING,N. 32 - ENDAU
JOHOR,P.154 - MERSING,N. 33 - TENGGAROH
JOHOR,P.154 - MERSING,N. 33 - TENGGAROH
JOHOR,P.154 - MERSING,N. 33 - TENGGAROH
JOHOR,P.155 - TENGGARA,N. 34 - PANTI
JOHOR,P.155 - TENGGARA,N. 34 - PANTI
JOHOR,P.155 - TENGGARA,N. 34 - PANTI
JOHOR,P.155 - TENGGARA,N. 35 - PASIR RAJA
JOHOR,P.155 - TENGGARA,N. 35 - PASIR RAJA
JOHOR,P.155 - TENGGARA,N. 35 - PASIR RAJA
JOHOR,P.156 - KOTA TINGGI,N. 36 - SEDILI
JOHOR,P.156 - KOTA TINGGI,N. 36 - SEDILI
JOHOR,P.156 - KOTA TINGGI,N. 37 - JOHOR LAMA
JOHOR,P.156 - KOTA TINGGI,N. 37 - JOHOR LAMA
JOHOR,P.156 - KOTA TINGGI,N. 37 - JOHOR LAMA
JOHOR,P.157 - PENGERANG,N. 38 - PENAWAR
JOHOR,P.157 - PENGERANG,N. 38 - PENAWAR
JOHOR,P.157 - PENGERANG,N. 39 - TANJUNG SURAT
JOHOR,P.157 - PENGERANG,N. 39 - TANJUNG SURAT
JOHOR,P.158 - TEBRAU,N. 40 - TIRAM
JOHOR,P.158 - TEBRAU,N. 40 - TIRAM
JOHOR,P.158 - TEBRAU,N. 40 - TIRAM
JOHOR,P.158 - TEBRAU,N. 41 - PUTERI WANGSA
JOHOR,P.158 - TEBRAU,N. 41 - PUTERI WANGSA
JOHOR,P.158 - TEBRAU,N. 41 - PUTERI WANGSA
JOHOR,P.158 - TEBRAU,N. 41 - PUTERI WANGSA
JOHOR,P.158 - TEBRAU,N. 41 - PUTERI WANGSA
JOHOR,P.159 - PASIR GUDANG,N. 42 - JOHOR JAYA
JOHOR,P.159 - PASIR GUDANG,N. 42 - JOHOR JAYA
JOHOR,P.159 - PASIR GUDANG,N. 42 - JOHOR JAYA
JOHOR,P.159 - PASIR GUDANG,N. 43 - PERMAS
JOHOR,P.159 - PASIR GUDANG,N. 43 - PERMAS
JOHOR,P.159 - PASIR GUDANG,N. 43 - PERMAS
JOHOR,P.159 - PASIR GUDANG,N. 43 - PERMAS
JOHOR,P.160 - JOHOR BAHRU,N. 44 - LARKIN
JOHOR,P.160 - JOHOR BAHRU,N. 44 - LARKIN
JOHOR,P.160 - JOHOR BAHRU,N. 44 - LARKIN
JOHOR,P.160 - JOHOR BAHRU,N. 45 - STULANG
JOHOR,P.160 - JOHOR BAHRU,N. 45 - STULANG
JOHOR,P.161 - PULAI,N. 46 - PERLING
JOHOR,P.161 - PULAI,N. 46 - PERLING
JOHOR,P.161 - PULAI,N. 46 - PERLING
JOHOR,P.161 - PULAI,N. 47 - KEMPAS
JOHOR,P.161 - PULAI,N. 47 - KEMPAS
JOHOR,P.161 - PULAI,N. 47 - KEMPAS
JOHOR,P.162 - ISKANDAR PUTERI,N. 48 - SKUDAI
JOHOR,P.162 - ISKANDAR PUTERI,N. 48 - SKUDAI
JOHOR,P.162 - ISKANDAR PUTERI,N. 49 - KOTA ISKANDAR
JOHOR,P.162 - ISKANDAR PUTERI,N. 49 - KOTA ISKANDAR
JOHOR,P.162 - ISKANDAR PUTERI,N. 49 - KOTA ISKANDAR
JOHOR,P.163 - KULAI,N. 50 - BUKIT PERMAI
JOHOR,P.163 - KULAI,N. 50 - BUKIT PERMAI
JOHOR,P.163 - KULAI,N. 50 - BUKIT PERMAI
JOHOR,P.163 - KULAI,N. 51 - BUKIT BATU
JOHOR,P.163 - KULAI,N. 51 - BUKIT BATU
JOHOR,P.163 - KULAI,N. 51 - BUKIT BATU
JOHOR,P.163 - KULAI,N. 52 - SENAI
JOHOR,P.163 - KULAI,N. 52 - SENAI
JOHOR,P.164 - PONTIAN,N. 53 - BENUT
JOHOR,P.164 - PONTIAN,N. 53 - BENUT
JOHOR,P.164 - PONTIAN,N. 53 - BENUT
JOHOR,P.164 - PONTIAN,N. 54 - PULAI SEBATANG
JOHOR,P.164 - PONTIAN,N. 54 - PULAI SEBATANG
JOHOR,P.164 - PONTIAN,N. 54 - PULAI SEBATANG
JOHOR,P.165 - TANJUNG PIAI,N. 55 - PEKAN NANAS
JOHOR,P.165 - TANJUNG PIAI,N. 55 - PEKAN NANAS
JOHOR,P.165 - TANJUNG PIAI,N. 56 - KUKUP
JOHOR,P.165 - TANJUNG PIAI,N. 56 - KUKUP
JOHOR,P.165 - TANJUNG PIAI,N. 56 - KUKUP
KEDAH,P.004 - LANGKAWI,N. 01 - AYER HANGAT
KEDAH,P.004 - LANGKAWI,N. 01 - AYER HANGAT
KEDAH,P.004 - LANGKAWI,N. 01 - AYER HANGAT
KEDAH,P.004 - LANGKAWI,N. 02 - KUAH
KEDAH,P.004 - LANGKAWI,N. 02 - KUAH
KEDAH,P.004 - LANGKAWI,N. 02 - KUAH
KEDAH,P.004 - LANGKAWI,N. 02 - KUAH
KEDAH,P.005 - JERLUN,N. 03 - KOTA SIPUTEH
KEDAH,P.005 - JERLUN,N. 03 - KOTA SIPUTEH
KEDAH,P.005 - JERLUN,N. 03 - KOTA SIPUTEH
KEDAH,P.005 - JERLUN,N. 04 - AYER HITAM
KEDAH,P.005 - JERLUN,N. 04 - AYER HITAM
KEDAH,P.005 - JERLUN,N. 04 - AYER HITAM
KEDAH,P.006 - KUBANG PASU,N. 05 - BUKIT KAYU HITAM
KEDAH,P.006 - KUBANG PASU,N. 05 - BUKIT KAYU HITAM
KEDAH,P.006 - KUBANG PASU,N. 05 - BUKIT KAYU HITAM
KEDAH,P.006 - KUBANG PASU,N. 06 - JITRA
KEDAH,P.006 - KUBANG PASU,N. 06 - JITRA
KEDAH,P.006 - KUBANG PASU,N. 06 - JITRA
KEDAH,P.007 - PADANG TERAP,N. 07 - KUALA NERANG
KEDAH,P.007 - PADANG TERAP,N. 07 - KUALA NERANG
KEDAH,P.007 - PADANG TERAP,N. 07 - KUALA NERANG
KEDAH,P.007 - PADANG TERAP,N. 08 - PEDU
KEDAH,P.007 - PADANG TERAP,N. 08 - PEDU
KEDAH,P.007 - PADANG TERAP,N. 08 - PEDU
KEDAH,P.008 - POKOK SENA,N. 09 - BUKIT LADA
KEDAH,P.008 - POKOK SENA,N. 09 - BUKIT LADA
KEDAH,P.008 - POKOK SENA,N. 09 - BUKIT LADA
KEDAH,P.008 - POKOK SENA,N. 09 - BUKIT LADA
KEDAH,P.008 - POKOK SENA,N. 10 - BUKIT PINANG
KEDAH,P.008 - POKOK SENA,N. 10 - BUKIT PINANG
KEDAH,P.008 - POKOK SENA,N. 10 - BUKIT PINANG
KEDAH,P.008 - POKOK SENA,N. 11 - DERGA
KEDAH,P.008 - POKOK SENA,N. 11 - DERGA
KEDAH,P.008 - POKOK SENA,N. 11 - DERGA
KEDAH,P.009 - ALOR SETAR,N. 12 - SUKA MENANTI
KEDAH,P.009 - ALOR SETAR,N. 12 - SUKA MENANTI
KEDAH,P.009 - ALOR SETAR,N. 12 - SUKA MENANTI
KEDAH,P.009 - ALOR SETAR,N. 13 - KOTA DARUL AMAN
KEDAH,P.009 - ALOR SETAR,N. 13 - KOTA DARUL AMAN
KEDAH,P.009 - ALOR SETAR,N. 13 - KOTA DARUL AMAN
KEDAH,P.009 - ALOR SETAR,N. 13 - KOTA DARUL AMAN
KEDAH,P.009 - ALOR SETAR,N. 14 - ALOR MENGKUDU
KEDAH,P.009 - ALOR SETAR,N. 14 - ALOR MENGKUDU
KEDAH,P.009 - ALOR SETAR,N. 14 - ALOR MENGKUDU
KEDAH,P.010 - KUALA KEDAH,N. 15 - ANAK BUKIT
KEDAH,P.010 - KUALA KEDAH,N. 15 - ANAK BUKIT
KEDAH,P.010 - KUALA KEDAH,N. 15 - ANAK BUKIT
KEDAH,P.010 - KUALA KEDAH,N. 16 - KUBANG ROTAN
KEDAH,P.010 - KUALA KEDAH,N. 16 - KUBANG ROTAN
KEDAH,P.010 - KUALA KEDAH,N. 16 - KUBANG ROTAN
KEDAH,P.010 - KUALA KEDAH,N. 17 - PENGKALAN KUNDOR
KEDAH,P.010 - KUALA KEDAH,N. 17 - PENGKALAN KUNDOR
KEDAH,P.010 - KUALA KEDAH,N. 17 - PENGKALAN KUNDOR
KEDAH,P.011 - PENDANG,N. 18 - TOKAI
KEDAH,P.011 - PENDANG,N. 18 - TOKAI
KEDAH,P.011 - PENDANG,N. 18 - TOKAI
KEDAH,P.011 - PENDANG,N. 19 - SUNGAI TIANG
KEDAH,P.011 - PENDANG,N. 19 - SUNGAI TIANG
KEDAH,P.011 - PENDANG,N. 19 - SUNGAI TIANG
KEDAH,P.012 - JERAI,N. 20 - SUNGAI LIMAU
KEDAH,P.012 - JERAI,N. 20 - SUNGAI LIMAU
KEDAH,P.012 - JERAI,N. 20 - SUNGAI LIMAU
KEDAH,P.012 - JERAI,N. 21 - GUAR CHEMPEDAK
KEDAH,P.012 - JERAI,N. 21 - GUAR CHEMPEDAK
KEDAH,P.012 - JERAI,N. 21 - GUAR CHEMPEDAK
KEDAH,P.012 - JERAI,N. 22 - GURUN
KEDAH,P.012 - JERAI,N. 22 - GURUN
KEDAH,P.012 - JERAI,N. 22 - GURUN
KEDAH,P.012 - JERAI,N. 22 - GURUN
KEDAH,P.013 - SIK,N. 23 - BELANTEK
KEDAH,P.013 - SIK,N. 23 - BELANTEK
KEDAH,P.013 - SIK,N. 23 - BELANTEK
KEDAH,P.013 - SIK,N. 24 - JENERI
KEDAH,P.013 - SIK,N. 24 - JENERI
KEDAH,P.013 - SIK,N. 24 - JENERI
KEDAH,P.014 - MERBOK,N. 25 - BUKIT SELAMBAU
KEDAH,P.014 - MERBOK,N. 25 - BUKIT SELAMBAU
KEDAH,P.014 - MERBOK,N. 25 - BUKIT SELAMBAU
KEDAH,P.014 - MERBOK,N. 26 - TANJONG DAWAI
KEDAH,P.014 - MERBOK,N. 26 - TANJONG DAWAI
KEDAH,P.014 - MERBOK,N. 26 - TANJONG DAWAI
KEDAH,P.015 - SUNGAI PETANI,N. 27 - PANTAI MERDEKA
KEDAH,P.015 - SUNGAI PETANI,N. 27 - PANTAI MERDEKA
KEDAH,P.015 - SUNGAI PETANI,N. 27 - PANTAI MERDEKA
KEDAH,P.015 - SUNGAI PETANI,N. 28 - BAKAR ARANG
KEDAH,P.015 - SUNGAI PETANI,N. 28 - BAKAR ARANG
KEDAH,P.015 - SUNGAI PETANI,N. 28 - BAKAR ARANG
KEDAH,P.015 - SUNGAI PETANI,N. 28 - BAKAR ARANG
KEDAH,P.015 - SUNGAI PETANI,N. 28 - BAKAR ARANG
KEDAH,P.015 - SUNGAI PETANI,N. 29 - SIDAM
KEDAH,P.015 - SUNGAI PETANI,N. 29 - SIDAM
KEDAH,P.015 - SUNGAI PETANI,N. 29 - SIDAM
KEDAH,P.015 - SUNGAI PETANI,N. 29 - SIDAM
KEDAH,P.016 - BALING,N. 30 - BAYU
KEDAH,P.016 - BALING,N. 30 - BAYU
KEDAH,P.016 - BALING,N. 30 - BAYU
KEDAH,P.016 - BALING,N. 31 - KUPANG
KEDAH,P.016 - BALING,N. 31 - KUPANG
KEDAH,P.016 - BALING,N. 31 - KUPANG
KEDAH,P.016 - BALING,N. 32 - KUALA KETIL
KEDAH,P.016 - BALING,N. 32 - KUALA KETIL
KEDAH,P.016 - BALING,N. 32 - KUALA KETIL
KEDAH,P.017 - PADANG SERAI,N. 33 - MERBAU PULAS
KEDAH,P.017 - PADANG SERAI,N. 33 - MERBAU PULAS
KEDAH,P.017 - PADANG SERAI,N. 33 - MERBAU PULAS
KEDAH,P.017 - PADANG SERAI,N. 34 - LUNAS
KEDAH,P.017 - PADANG SERAI,N. 34 - LUNAS
KEDAH,P.017 - PADANG SERAI,N. 34 - LUNAS
KEDAH,P.018 - KULIM-BANDAR BAHARU,N. 35 - KULIM
KEDAH,P.018 - KULIM-BANDAR BAHARU,N. 35 - KULIM
KEDAH,P.018 - KULIM-BANDAR BAHARU,N. 35 - KULIM
KEDAH,P.018 - KULIM-BANDAR BAHARU,N. 35 - KULIM
KEDAH,P.018 - KULIM-BANDAR BAHARU,N. 36 - BANDAR BAHARU
KEDAH,P.018 - KULIM-BANDAR BAHARU,N. 36 - BANDAR BAHARU
KEDAH,P.018 - KULIM-BANDAR BAHARU,N. 36 - BANDAR BAHARU
KELANTAN,P.019 - TUMPAT,N. 01 - PENGKALAN KUBOR
KELANTAN,P.019 - TUMPAT,N. 01 - PENGKALAN KUBOR
KELANTAN,P.019 - TUMPAT,N. 01 - PENGKALAN KUBOR
KELANTAN,P.019 - TUMPAT,N. 02 - KELABORAN
KELANTAN,P.019 - TUMPAT,N. 02 - KELABORAN
KELANTAN,P.019 - TUMPAT,N. 02 - KELABORAN
KELANTAN,P.019 - TUMPAT,N. 03 - PASIR PEKAN
KELANTAN,P.019 - TUMPAT,N. 03 - PASIR PEKAN
KELANTAN,P.019 - TUMPAT,N. 03 - PASIR PEKAN
KELANTAN,P.019 - TUMPAT,N. 04 - WAKAF BHARU
KELANTAN,P.019 - TUMPAT,N. 04 - WAKAF BHARU
KELANTAN,P.019 - TUMPAT,N. 04 - WAKAF BHARU
KELANTAN,P.020 - PENGKALAN CHEPA,N. 05 - KIJANG
KELANTAN,P.020 - PENGKALAN CHEPA,N. 05 - KIJANG
KELANTAN,P.020 - PENGKALAN CHEPA,N. 05 - KIJANG
KELANTAN,P.020 - PENGKALAN CHEPA,N. 06 - CHEMPAKA
KELANTAN,P.020 - PENGKALAN CHEPA,N. 06 - CHEMPAKA
KELANTAN,P.020 - PENGKALAN CHEPA,N. 06 - CHEMPAKA
KELANTAN,P.020 - PENGKALAN CHEPA,N. 07 - PANCHOR
KELANTAN,P.020 - PENGKALAN CHEPA,N. 07 - PANCHOR
KELANTAN,P.020 - PENGKALAN CHEPA,N. 07 - PANCHOR
KELANTAN,P.021 - KOTA BHARU,N. 08 - TANJONG MAS
KELANTAN,P.021 - KOTA BHARU,N. 08 - TANJONG MAS
KELANTAN,P.021 - KOTA BHARU,N. 08 - TANJONG MAS
KELANTAN,P.021 - KOTA BHARU,N. 09 - KOTA LAMA
KELANTAN,P.021 - KOTA BHARU,N. 09 - KOTA LAMA
KELANTAN,P.021 - KOTA BHARU,N. 09 - KOTA LAMA
KELANTAN,P.021 - KOTA BHARU,N. 09 - KOTA LAMA
KELANTAN,P.021 - KOTA BHARU,N. 09 - KOTA LAMA
KELANTAN,P.021 - KOTA BHARU,N. 10 - BUNUT PAYONG
KELANTAN,P.021 - KOTA BHARU,N. 10 - BUNUT PAYONG
KELANTAN,P.021 - KOTA BHARU,N. 10 - BUNUT PAYONG
KELANTAN,P.022 - PASIR MAS,N. 11 - TENDONG
KELANTAN,P.022 - PASIR MAS,N. 11 - TENDONG
KELANTAN,P.022 - PASIR MAS,N. 11 - TENDONG
KELANTAN,P.022 - PASIR MAS,N. 11 - TENDONG
KELANTAN,P.022 - PASIR MAS,N. 12 - PENGKALAN PASIR
KELANTAN,P.022 - PASIR MAS,N. 12 - PENGKALAN PASIR
KELANTAN,P.022 - PASIR MAS,N. 12 - PENGKALAN PASIR
KELANTAN,P.022 - PASIR MAS,N. 12 - PENGKALAN PASIR
KELANTAN,P.022 - PASIR MAS,N. 13 - MERANTI
KELANTAN,P.022 - PASIR MAS,N. 13 - MERANTI
KELANTAN,P.022 - PASIR MAS,N. 13 - MERANTI
KELANTAN,P.022 - PASIR MAS,N. 13 - MERANTI
KELANTAN,P.023 - RANTAU PANJANG,N. 14 - CHETOK
KELANTAN,P.023 - RANTAU PANJANG,N. 14 - CHETOK
KELANTAN,P.023 - RANTAU PANJANG,N. 14 - CHETOK
KELANTAN,P.023 - RANTAU PANJANG,N. 14 - CHETOK
KELANTAN,P.023 - RANTAU PANJANG,N. 15 - GUAL PERIOK
KELANTAN,P.023 - RANTAU PANJANG,N. 15 - GUAL PERIOK
KELANTAN,P.023 - RANTAU PANJANG,N. 15 - GUAL PERIOK
KELANTAN,P.023 - RANTAU PANJANG,N. 16 - APAM PUTRA
KELANTAN,P.023 - RANTAU PANJANG,N. 16 - APAM PUTRA
KELANTAN,P.023 - RANTAU PANJANG,N. 16 - APAM PUTRA
KELANTAN,P.024 - KUBANG KERIAN,N. 17 - SALOR
KELANTAN,P.024 - KUBANG KERIAN,N. 17 - SALOR
KELANTAN,P.024 - KUBANG KERIAN,N. 17 - SALOR
KELANTAN,P.024 - KUBANG KERIAN,N. 18 - PASIR TUMBOH
KELANTAN,P.024 - KUBANG KERIAN,N. 18 - PASIR TUMBOH
KELANTAN,P.024 - KUBANG KERIAN,N. 18 - PASIR TUMBOH
KELANTAN,P.024 - KUBANG KERIAN,N. 19 - DEMIT
KELANTAN,P.024 - KUBANG KERIAN,N. 19 - DEMIT
KELANTAN,P.024 - KUBANG KERIAN,N. 19 - DEMIT
KELANTAN,P.025 - BACHOK,N. 20 - TAWANG
KELANTAN,P.025 - BACHOK,N. 20 - TAWANG
KELANTAN,P.025 - BACHOK,N. 21 - PANTAI IRAMA
KELANTAN,P.025 - BACHOK,N. 21 - PANTAI IRAMA
KELANTAN,P.025 - BACHOK,N. 21 - PANTAI IRAMA
KELANTAN,P.025 - BACHOK,N. 22 - JELAWAT
KELANTAN,P.025 - BACHOK,N. 22 - JELAWAT
KELANTAN,P.025 - BACHOK,N. 22 - JELAWAT
KELANTAN,P.026 - KETEREH,N. 23 - MELOR
KELANTAN,P.026 - KETEREH,N. 23 - MELOR
KELANTAN,P.026 - KETEREH,N. 23 - MELOR
KELANTAN,P.026 - KETEREH,N. 24 - KADOK
KELANTAN,P.026 - KETEREH,N. 24 - KADOK
KELANTAN,P.026 - KETEREH,N. 24 - KADOK
KELANTAN,P.026 - KETEREH,N. 25 - KOK LANAS
KELANTAN,P.026 - KETEREH,N. 25 - KOK LANAS
KELANTAN,P.026 - KETEREH,N. 25 - KOK LANAS
KELANTAN,P.027 - TANAH MERAH,N. 26 - BUKIT PANAU
KELANTAN,P.027 - TANAH MERAH,N. 26 - BUKIT PANAU
KELANTAN,P.027 - TANAH MERAH,N. 26 - BUKIT PANAU
KELANTAN,P.027 - TANAH MERAH,N. 27 - GUAL IPOH
KELANTAN,P.027 - TANAH MERAH,N. 27 - GUAL IPOH
KELANTAN,P.027 - TANAH MERAH,N. 27 - GUAL IPOH
KELANTAN,P.027 - TANAH MERAH,N. 28 - KEMAHANG
KELANTAN,P.027 - TANAH MERAH,N. 28 - KEMAHANG
KELANTAN,P.027 - TANAH MERAH,N. 28 - KEMAHANG
KELANTAN,P.028 - PASIR PUTEH,N. 29 - SELISING
KELANTAN,P.028 - PASIR PUTEH,N. 29 - SELISING
KELANTAN,P.028 - PASIR PUTEH,N. 29 - SELISING
KELANTAN,P.028 - PASIR PUTEH,N. 30 - LIMBONGAN
KELANTAN,P.028 - PASIR PUTEH,N. 30 - LIMBONGAN
KELANTAN,P.028 - PASIR PUTEH,N. 30 - LIMBONGAN
KELANTAN,P.028 - PASIR PUTEH,N. 31 - SEMERAK
KELANTAN,P.028 - PASIR PUTEH,N. 31 - SEMERAK
KELANTAN,P.028 - PASIR PUTEH,N. 31 - SEMERAK
KELANTAN,P.028 - PASIR PUTEH,N. 32 - GAAL
KELANTAN,P.028 - PASIR PUTEH,N. 32 - GAAL
KELANTAN,P.028 - PASIR PUTEH,N. 32 - GAAL
KELANTAN,P.029 - MACHANG,N. 33 - PULAI CHONDONG
KELANTAN,P.029 - MACHANG,N. 33 - PULAI CHONDONG
KELANTAN,P.029 - MACHANG,N. 33 - PULAI CHONDONG
KELANTAN,P.029 - MACHANG,N. 34 - TEMANGAN
KELANTAN,P.029 - MACHANG,N. 34 - TEMANGAN
KELANTAN,P.029 - MACHANG,N. 34 - TEMANGAN
KELANTAN,P.029 - MACHANG,N. 35 - KEMUNING
KELANTAN,P.029 - MACHANG,N. 35 - KEMUNING
KELANTAN,P.029 - MACHANG,N. 35 - KEMUNING
KELANTAN,P.030 - JELI,N. 36 - BUKIT BUNGA
KELANTAN,P.030 - JELI,N. 36 - BUKIT BUNGA
KELANTAN,P.030 - JELI,N. 36 - BUKIT BUNGA
KELANTAN,P.030 - JELI,N. 37 - AIR LANAS
KELANTAN,P.030 - JELI,N. 37 - AIR LANAS
KELANTAN,P.030 - JELI,N. 37 - AIR LANAS
KELANTAN,P.030 - JELI,N. 38 - KUALA BALAH
KELANTAN,P.030 - JELI,N. 38 - KUALA BALAH
KELANTAN,P.031 - KUALA KRAI,N. 39 - MENGKEBANG
KELANTAN,P.031 - KUALA KRAI,N. 39 - MENGKEBANG
KELANTAN,P.031 - KUALA KRAI,N. 39 - MENGKEBANG
KELANTAN,P.031 - KUALA KRAI,N. 40 - GUCHIL
KELANTAN,P.031 - KUALA KRAI,N. 40 - GUCHIL
KELANTAN,P.031 - KUALA KRAI,N. 40 - GUCHIL
KELANTAN,P.031 - KUALA KRAI,N. 40 - GUCHIL
KELANTAN,P.031 - KUALA KRAI,N. 41 - MANEK URAI
KELANTAN,P.031 - KUALA KRAI,N. 41 - MANEK URAI
KELANTAN,P.031 - KUALA KRAI,N. 41 - MANEK URAI
KELANTAN,P.031 - KUALA KRAI,N. 41 - MANEK URAI
KELANTAN,P.031 - KUALA KRAI,N. 42 - DABONG
KELANTAN,P.031 - KUALA KRAI,N. 42 - DABONG
KELANTAN,P.031 - KUALA KRAI,N. 42 - DABONG
KELANTAN,P.032 - GUA MUSANG,N. 43 - NENGGIRI
KELANTAN,P.032 - GUA MUSANG,N. 43 - NENGGIRI
KELANTAN,P.032 - GUA MUSANG,N. 43 - NENGGIRI
KELANTAN,P.032 - GUA MUSANG,N. 44 - PALOH
KELANTAN,P.032 - GUA MUSANG,N. 44 - PALOH
KELANTAN,P.032 - GUA MUSANG,N. 44 - PALOH
KELANTAN,P.032 - GUA MUSANG,N. 45 - GALAS
KELANTAN,P.032 - GUA MUSANG,N. 45 - GALAS
KELANTAN,P.032 - GUA MUSANG,N. 45 - GALAS
MELAKA,P.134 - MASJID TANAH,N. 01 - KUALA LINGGI
MELAKA,P.134 - MASJID TANAH,N. 01 - KUALA LINGGI
MELAKA,P.134 - MASJID TANAH,N. 01 - KUALA LINGGI
MELAKA,P.134 - MASJID TANAH,N. 02 - TANJUNG BIDARA
MELAKA,P.134 - MASJID TANAH,N. 02 - TANJUNG BIDARA
MELAKA,P.134 - MASJID TANAH,N. 02 - TANJUNG BIDARA
MELAKA,P.134 - MASJID TANAH,N. 03 - AYER LIMAU
MELAKA,P.134 - MASJID TANAH,N. 03 - AYER LIMAU
MELAKA,P.134 - MASJID TANAH,N. 03 - AYER LIMAU
MELAKA,P.134 - MASJID TANAH,N. 04 - LENDU
MELAKA,P.134 - MASJID TANAH,N. 04 - LENDU
MELAKA,P.134 - MASJID TANAH,N. 04 - LENDU
MELAKA,P.134 - MASJID TANAH,N. 05 - TABOH NANING
MELAKA,P.134 - MASJID TANAH,N. 05 - TABOH NANING
MELAKA,P.134 - MASJID TANAH,N. 05 - TABOH NANING
MELAKA,P.135 - ALOR GAJAH,N. 06 - REMBIA
MELAKA,P.135 - ALOR GAJAH,N. 06 - REMBIA
MELAKA,P.135 - ALOR GAJAH,N. 06 - REMBIA
MELAKA,P.135 - ALOR GAJAH,N. 07 - GADEK
MELAKA,P.135 - ALOR GAJAH,N. 07 - GADEK
MELAKA,P.135 - ALOR GAJAH,N. 07 - GADEK
MELAKA,P.135 - ALOR GAJAH,N. 08 - MACHAP JAYA
MELAKA,P.135 - ALOR GAJAH,N. 08 - MACHAP JAYA
MELAKA,P.135 - ALOR GAJAH,N. 08 - MACHAP JAYA
MELAKA,P.135 - ALOR GAJAH,N. 09 - DURIAN TUNGGAL
MELAKA,P.135 - ALOR GAJAH,N. 09 - DURIAN TUNGGAL
MELAKA,P.135 - ALOR GAJAH,N. 09 - DURIAN TUNGGAL
MELAKA,P.135 - ALOR GAJAH,N. 10 - ASAHAN
MELAKA,P.135 - ALOR GAJAH,N. 10 - ASAHAN
MELAKA,P.135 - ALOR GAJAH,N. 10 - ASAHAN
MELAKA,P.136 - TANGGA BATU,N. 11 - SUNGAI UDANG
MELAKA,P.136 - TANGGA BATU,N. 11 - SUNGAI UDANG
MELAKA,P.136 - TANGGA BATU,N. 12 - PANTAI KUNDOR
MELAKA,P.136 - TANGGA BATU,N. 12 - PANTAI KUNDOR
MELAKA,P.136 - TANGGA BATU,N. 12 - PANTAI KUNDOR
MELAKA,P.136 - TANGGA BATU,N. 13 - PAYA RUMPUT
MELAKA,P.136 - TANGGA BATU,N. 13 - PAYA RUMPUT
MELAKA,P.136 - TANGGA BATU,N. 13 - PAYA RUMPUT
MELAKA,P.136 - TANGGA BATU,N. 14 - KELEBANG
MELAKA,P.136 - TANGGA BATU,N. 14 - KELEBANG
MELAKA,P.136 - TANGGA BATU,N. 14 - KELEBANG
MELAKA,P.137 - HANG TUAH JAYA,N. 15 - PENGKALAN BATU
MELAKA,P.137 - HANG TUAH JAYA,N. 15 - PENGKALAN BATU
MELAKA,P.137 - HANG TUAH JAYA,N. 15 - PENGKALAN BATU
MELAKA,P.137 - HANG TUAH JAYA,N. 16 - AYER KEROH
MELAKA,P.137 - HANG TUAH JAYA,N. 16 - AYER KEROH
MELAKA,P.137 - HANG TUAH JAYA,N. 16 - AYER KEROH
MELAKA,P.137 - HANG TUAH JAYA,N. 17 - BUKIT KATIL
MELAKA,P.137 - HANG TUAH JAYA,N. 17 - BUKIT KATIL
MELAKA,P.137 - HANG TUAH JAYA,N. 17 - BUKIT KATIL
MELAKA,P.137 - HANG TUAH JAYA,N. 18 - AYER MOLEK
MELAKA,P.137 - HANG TUAH JAYA,N. 18 - AYER MOLEK
MELAKA,P.137 - HANG TUAH JAYA,N. 18 - AYER MOLEK
MELAKA,P.137 - HANG TUAH JAYA,N. 18 - AYER MOLEK
MELAKA,P.138 - KOTA MELAKA,N. 19 - KESIDANG
MELAKA,P.138 - KOTA MELAKA,N. 19 - KESIDANG
MELAKA,P.138 - KOTA MELAKA,N. 19 - KESIDANG
MELAKA,P.138 - KOTA MELAKA,N. 20 - KOTA LAKSAMANA
MELAKA,P.138 - KOTA MELAKA,N. 20 - KOTA LAKSAMANA
MELAKA,P.138 - KOTA MELAKA,N. 20 - KOTA LAKSAMANA
MELAKA,P.138 - KOTA MELAKA,N. 21 - DUYONG
MELAKA,P.138 - KOTA MELAKA,N. 21 - DUYONG
MELAKA,P.138 - KOTA MELAKA,N. 21 - DUYONG
MELAKA,P.138 - KOTA MELAKA,N. 21 - DUYONG
MELAKA,P.138 - KOTA MELAKA,N. 22 - BANDAR HILIR
MELAKA,P.138 - KOTA MELAKA,N. 22 - BANDAR HILIR
MELAKA,P.138 - KOTA MELAKA,N. 22 - BANDAR HILIR
MELAKA,P.138 - KOTA MELAKA,N. 23 - TELOK MAS
MELAKA,P.138 - KOTA MELAKA,N. 23 - TELOK MAS
MELAKA,P.138 - KOTA MELAKA,N. 23 - TELOK MAS
MELAKA,P.139 - JASIN,N. 24 - BEMBAN
MELAKA,P.139 - JASIN,N. 24 - BEMBAN
MELAKA,P.139 - JASIN,N. 24 - BEMBAN
MELAKA,P.139 - JASIN,N. 25 - RIM
MELAKA,P.139 - JASIN,N. 25 - RIM
MELAKA,P.139 - JASIN,N. 25 - RIM
MELAKA,P.139 - JASIN,N. 26 - SERKAM
MELAKA,P.139 - JASIN,N. 26 - SERKAM
MELAKA,P.139 - JASIN,N. 26 - SERKAM
MELAKA,P.139 - JASIN,N. 27 - MERLIMAU
MELAKA,P.139 - JASIN,N. 27 - MERLIMAU
MELAKA,P.139 - JASIN,N. 27 - MERLIMAU
MELAKA,P.139 - JASIN,N. 28 - SUNGAI RAMBAI
MELAKA,P.139 - JASIN,N. 28 - SUNGAI RAMBAI
MELAKA,P.139 - JASIN,N. 28 - SUNGAI RAMBAI
NEGERI SEMBILAN,P.126 - JELEBU,N. 01 - CHENNAH
NEGERI SEMBILAN,P.126 - JELEBU,N. 01 - CHENNAH
NEGERI SEMBILAN,P.126 - JELEBU,N. 01 - CHENNAH
NEGERI SEMBILAN,P.126 - JELEBU,N. 02 - PERTANG
NEGERI SEMBILAN,P.126 - JELEBU,N. 02 - PERTANG
NEGERI SEMBILAN,P.126 - JELEBU,N. 02 - PERTANG
NEGERI SEMBILAN,P.126 - JELEBU,N. 03 - SUNGAI LUI
NEGERI SEMBILAN,P.126 - JELEBU,N. 03 - SUNGAI LUI
NEGERI SEMBILAN,P.126 - JELEBU,N. 03 - SUNGAI LUI
NEGERI SEMBILAN,P.126 - JELEBU,N. 04 - KLAWANG
NEGERI SEMBILAN,P.126 - JELEBU,N. 04 - KLAWANG
NEGERI SEMBILAN,P.126 - JELEBU,N. 04 - KLAWANG
NEGERI SEMBILAN,P.127 - JEMPOL,N. 05 - SERTING
NEGERI SEMBILAN,P.127 - JEMPOL,N. 05 - SERTING
NEGERI SEMBILAN,P.127 - JEMPOL,N. 05 - SERTING
NEGERI SEMBILAN,P.127 - JEMPOL,N. 06 - PALONG
NEGERI SEMBILAN,P.127 - JEMPOL,N. 06 - PALONG
NEGERI SEMBILAN,P.127 - JEMPOL,N. 06 - PALONG
NEGERI SEMBILAN,P.127 - JEMPOL,N. 07 - JERAM PADANG
NEGERI SEMBILAN,P.127 - JEMPOL,N. 07 - JERAM PADANG
NEGERI SEMBILAN,P.127 - JEMPOL,N. 07 - JERAM PADANG
NEGERI SEMBILAN,P.127 - JEMPOL,N. 07 - JERAM PADANG
NEGERI SEMBILAN,P.127 - JEMPOL,N. 08 - BAHAU
NEGERI SEMBILAN,P.127 - JEMPOL,N. 08 - BAHAU
NEGERI SEMBILAN,P.127 - JEMPOL,N. 08 - BAHAU
NEGERI SEMBILAN,P.128 - SEREMBAN,N. 09 - LENGGENG
NEGERI SEMBILAN,P.128 - SEREMBAN,N. 09 - LENGGENG
NEGERI SEMBILAN,P.128 - SEREMBAN,N. 09 - LENGGENG
NEGERI SEMBILAN,P.128 - SEREMBAN,N. 10 - NILAI
NEGERI SEMBILAN,P.128 - SEREMBAN,N. 10 - NILAI
NEGERI SEMBILAN,P.128 - SEREMBAN,N. 10 - NILAI
NEGERI SEMBILAN,P.128 - SEREMBAN,N. 11 - LOBAK
NEGERI SEMBILAN,P.128 - SEREMBAN,N. 11 - LOBAK
NEGERI SEMBILAN,P.128 - SEREMBAN,N. 11 - LOBAK
NEGERI SEMBILAN,P.128 - SEREMBAN,N. 12 - TEMIANG
NEGERI SEMBILAN,P.128 - SEREMBAN,N. 12 - TEMIANG
NEGERI SEMBILAN,P.128 - SEREMBAN,N. 12 - TEMIANG
NEGERI SEMBILAN,P.128 - SEREMBAN,N. 13 - SIKAMAT
NEGERI SEMBILAN,P.128 - SEREMBAN,N. 13 - SIKAMAT
NEGERI SEMBILAN,P.128 - SEREMBAN,N. 13 - SIKAMAT
NEGERI SEMBILAN,P.128 - SEREMBAN,N. 13 - SIKAMAT
NEGERI SEMBILAN,P.128 - SEREMBAN,N. 14 - AMPANGAN
NEGERI SEMBILAN,P.128 - SEREMBAN,N. 14 - AMPANGAN
NEGERI SEMBILAN,P.128 - SEREMBAN,N. 14 - AMPANGAN
NEGERI SEMBILAN,P.129 - KUALA PILAH,N. 15 - JUASSEH
NEGERI SEMBILAN,P.129 - KUALA PILAH,N. 15 - JUASSEH
NEGERI SEMBILAN,P.129 - KUALA PILAH,N. 15 - JUASSEH
NEGERI SEMBILAN,P.129 - KUALA PILAH,N. 16 - SERI MENANTI
NEGERI SEMBILAN,P.129 - KUALA PILAH,N. 16 - SERI MENANTI
NEGERI SEMBILAN,P.129 - KUALA PILAH,N. 16 - SERI MENANTI
NEGERI SEMBILAN,P.129 - KUALA PILAH,N. 17 - SENALING
NEGERI SEMBILAN,P.129 - KUALA PILAH,N. 17 - SENALING
NEGERI SEMBILAN,P.129 - KUALA PILAH,N. 17 - SENALING
NEGERI SEMBILAN,P.129 - KUALA PILAH,N. 18 - PILAH
NEGERI SEMBILAN,P.129 - KUALA PILAH,N. 18 - PILAH
NEGERI SEMBILAN,P.129 - KUALA PILAH,N. 18 - PILAH
NEGERI SEMBILAN,P.129 - KUALA PILAH,N. 19 - JOHOL
NEGERI SEMBILAN,P.129 - KUALA PILAH,N. 19 - JOHOL
NEGERI SEMBILAN,P.129 - KUALA PILAH,N. 19 - JOHOL
NEGERI SEMBILAN,P.130 - RASAH,N. 20 - LABU
NEGERI SEMBILAN,P.130 - RASAH,N. 20 - LABU
NEGERI SEMBILAN,P.130 - RASAH,N. 20 - LABU
NEGERI SEMBILAN,P.130 - RASAH,N. 20 - LABU
NEGERI SEMBILAN,P.130 - RASAH,N. 21 - BUKIT KEPAYANG
NEGERI SEMBILAN,P.130 - RASAH,N. 21 - BUKIT KEPAYANG
NEGERI SEMBILAN,P.130 - RASAH,N. 22 - RAHANG
NEGERI SEMBILAN,P.130 - RASAH,N. 22 - RAHANG
NEGERI SEMBILAN,P.130 - RASAH,N. 22 - RAHANG
NEGERI SEMBILAN,P.130 - RASAH,N. 23 - MAMBAU
NEGERI SEMBILAN,P.130 - RASAH,N. 23 - MAMBAU
NEGERI SEMBILAN,P.130 - RASAH,N. 23 - MAMBAU
NEGERI SEMBILAN,P.130 - RASAH,N. 24 - SEREMBAN JAYA
NEGERI SEMBILAN,P.130 - RASAH,N. 24 - SEREMBAN JAYA
NEGERI SEMBILAN,P.130 - RASAH,N. 24 - SEREMBAN JAYA
NEGERI SEMBILAN,P.131 - REMBAU,N. 25 - PAROI
NEGERI SEMBILAN,P.131 - REMBAU,N. 25 - PAROI
NEGERI SEMBILAN,P.131 - REMBAU,N. 25 - PAROI
NEGERI SEMBILAN,P.131 - REMBAU,N. 26 - CHEMBONG
NEGERI SEMBILAN,P.131 - REMBAU,N. 26 - CHEMBONG
NEGERI SEMBILAN,P.131 - REMBAU,N. 26 - CHEMBONG
NEGERI SEMBILAN,P.131 - REMBAU,N. 27 - RANTAU
NEGERI SEMBILAN,P.131 - REMBAU,N. 28 - KOTA
NEGERI SEMBILAN,P.131 - REMBAU,N. 28 - KOTA
NEGERI SEMBILAN,P.131 - REMBAU,N. 28 - KOTA
NEGERI SEMBILAN,P.132 - PORT DICKSON,N. 29 - CHUAH
NEGERI SEMBILAN,P.132 - PORT DICKSON,N. 29 - CHUAH
NEGERI SEMBILAN,P.132 - PORT DICKSON,N. 30 - LUKUT
NEGERI SEMBILAN,P.132 - PORT DICKSON,N. 30 - LUKUT
NEGERI SEMBILAN,P.132 - PORT DICKSON,N. 31 - BAGAN PINANG
NEGERI SEMBILAN,P.132 - PORT DICKSON,N. 31 - BAGAN PINANG
NEGERI SEMBILAN,P.132 - PORT DICKSON,N. 32 - LINGGI
NEGERI SEMBILAN,P.132 - PORT DICKSON,N. 32 - LINGGI
NEGERI SEMBILAN,P.132 - PORT DICKSON,N. 32 - LINGGI
NEGERI SEMBILAN,P.132 - PORT DICKSON,N. 33 - SRI TANJUNG
NEGERI SEMBILAN,P.132 - PORT DICKSON,N. 33 - SRI TANJUNG
NEGERI SEMBILAN,P.132 - PORT DICKSON,N. 33 - SRI TANJUNG
NEGERI SEMBILAN,P.133 - TAMPIN,N. 34 - GEMAS
NEGERI SEMBILAN,P.133 - TAMPIN,N. 34 - GEMAS
NEGERI SEMBILAN,P.133 - TAMPIN,N. 34 - GEMAS
NEGERI SEMBILAN,P.133 - TAMPIN,N. 35 - GEMENCHEH
NEGERI SEMBILAN,P.133 - TAMPIN,N. 35 - GEMENCHEH
NEGERI SEMBILAN,P.133 - TAMPIN,N. 35 - GEMENCHEH
NEGERI SEMBILAN,P.133 - TAMPIN,N. 36 - REPAH
NEGERI SEMBILAN,P.133 - TAMPIN,N. 36 - REPAH
NEGERI SEMBILAN,P.133 - TAMPIN,N. 36 - REPAH
PAHANG,P.078 - CAMERON HIGHLANDS,N. 01 - TANAH RATA
PAHANG,P.078 - CAMERON HIGHLANDS,N. 01 - TANAH RATA
PAHANG,P.078 - CAMERON HIGHLANDS,N. 01 - TANAH RATA
PAHANG,P.078 - CAMERON HIGHLANDS,N. 02 - JELAI
PAHANG,P.078 - CAMERON HIGHLANDS,N. 02 - JELAI
PAHANG,P.078 - CAMERON HIGHLANDS,N. 02 - JELAI
PAHANG,P.078 - CAMERON HIGHLANDS,N. 02 - JELAI
PAHANG,P.079 - LIPIS,N. 03 - PADANG TENGKU
PAHANG,P.079 - LIPIS,N. 03 - PADANG TENGKU
PAHANG,P.079 - LIPIS,N. 03 - PADANG TENGKU
PAHANG,P.079 - LIPIS,N. 04 - CHEKA
PAHANG,P.079 - LIPIS,N. 04 - CHEKA
PAHANG,P.079 - LIPIS,N. 04 - CHEKA
PAHANG,P.079 - LIPIS,N. 05 - BENTA
PAHANG,P.079 - LIPIS,N. 05 - BENTA
PAHANG,P.079 - LIPIS,N. 05 - BENTA
PAHANG,P.080 - RAUB,N. 06 - BATU TALAM
PAHANG,P.080 - RAUB,N. 06 - BATU TALAM
PAHANG,P.080 - RAUB,N. 06 - BATU TALAM
PAHANG,P.080 - RAUB,N. 07 - TRAS
PAHANG,P.080 - RAUB,N. 07 - TRAS
PAHANG,P.080 - RAUB,N. 07 - TRAS
PAHANG,P.080 - RAUB,N. 08 - DONG
PAHANG,P.080 - RAUB,N. 08 - DONG
PAHANG,P.080 - RAUB,N. 08 - DONG
PAHANG,P.081 - JERANTUT,N. 09 - TAHAN
PAHANG,P.081 - JERANTUT,N. 09 - TAHAN
PAHANG,P.081 - JERANTUT,N. 09 - TAHAN
PAHANG,P.081 - JERANTUT,N. 10 - DAMAK
PAHANG,P.081 - JERANTUT,N. 10 - DAMAK
PAHANG,P.081 - JERANTUT,N. 10 - DAMAK
PAHANG,P.081 - JERANTUT,N. 11 - PULAU TAWAR
PAHANG,P.081 - JERANTUT,N. 11 - PULAU TAWAR
PAHANG,P.081 - JERANTUT,N. 11 - PULAU TAWAR
PAHANG,P.082 - INDERA MAHKOTA,N. 12 - BESERAH
PAHANG,P.082 - INDERA MAHKOTA,N. 12 - BESERAH
PAHANG,P.082 - INDERA MAHKOTA,N. 12 - BESERAH
PAHANG,P.082 - INDERA MAHKOTA,N. 13 - SEMAMBU
PAHANG,P.082 - INDERA MAHKOTA,N. 13 - SEMAMBU
PAHANG,P.082 - INDERA MAHKOTA,N. 13 - SEMAMBU
PAHANG,P.083 - KUANTAN,N. 14 - TERUNTUM
PAHANG,P.083 - KUANTAN,N. 14 - TERUNTUM
PAHANG,P.083 - KUANTAN,N. 14 - TERUNTUM
PAHANG,P.083 - KUANTAN,N. 15 - TANJUNG LUMPUR
PAHANG,P.083 - KUANTAN,N. 15 - TANJUNG LUMPUR
PAHANG,P.083 - KUANTAN,N. 15 - TANJUNG LUMPUR
PAHANG,P.083 - KUANTAN,N. 16 - INDERAPURA
PAHANG,P.083 - KUANTAN,N. 16 - INDERAPURA
PAHANG,P.083 - KUANTAN,N. 16 - INDERAPURA
PAHANG,P.084 - PAYA BESAR,N. 17 - SUNGAI LEMBING
PAHANG,P.084 - PAYA BESAR,N. 17 - SUNGAI LEMBING
PAHANG,P.084 - PAYA BESAR,N. 17 - SUNGAI LEMBING
PAHANG,P.084 - PAYA BESAR,N. 18 - LEPAR
PAHANG,P.084 - PAYA BESAR,N. 18 - LEPAR
PAHANG,P.084 - PAYA BESAR,N. 18 - LEPAR
PAHANG,P.084 - PAYA BESAR,N. 19 - PANCHING
PAHANG,P.084 - PAYA BESAR,N. 19 - PANCHING
PAHANG,P.084 - PAYA BESAR,N. 19 - PANCHING
PAHANG,P.084 - PAYA BESAR,N. 19 - PANCHING
PAHANG,P.085 - PEKAN,N. 20 - PULAU MANIS
PAHANG,P.085 - PEKAN,N. 20 - PULAU MANIS
PAHANG,P.085 - PEKAN,N. 20 - PULAU MANIS
PAHANG,P.085 - PEKAN,N. 21 - PERAMU JAYA
PAHANG,P.085 - PEKAN,N. 21 - PERAMU JAYA
PAHANG,P.085 - PEKAN,N. 21 - PERAMU JAYA
PAHANG,P.085 - PEKAN,N. 22 - BEBAR
PAHANG,P.085 - PEKAN,N. 22 - BEBAR
PAHANG,P.085 - PEKAN,N. 22 - BEBAR
PAHANG,P.085 - PEKAN,N. 23 - CHINI
PAHANG,P.085 - PEKAN,N. 23 - CHINI
PAHANG,P.085 - PEKAN,N. 23 - CHINI
PAHANG,P.086 - MARAN,N. 24 - LUIT
PAHANG,P.086 - MARAN,N. 24 - LUIT
PAHANG,P.086 - MARAN,N. 24 - LUIT
PAHANG,P.086 - MARAN,N. 25 - KUALA SENTUL
PAHANG,P.086 - MARAN,N. 25 - KUALA SENTUL
PAHANG,P.086 - MARAN,N. 25 - KUALA SENTUL
PAHANG,P.086 - MARAN,N. 26 - CHENOR
PAHANG,P.086 - MARAN,N. 26 - CHENOR
PAHANG,P.086 - MARAN,N. 26 - CHENOR
PAHANG,P.087 - KUALA KRAU,N. 27 - JENDERAK
PAHANG,P.087 - KUALA KRAU,N. 27 - JENDERAK
PAHANG,P.087 - KUALA KRAU,N. 27 - JENDERAK
PAHANG,P.087 - KUALA KRAU,N. 28 - KERDAU
PAHANG,P.087 - KUALA KRAU,N. 28 - KERDAU
PAHANG,P.087 - KUALA KRAU,N. 28 - KERDAU
PAHANG,P.087 - KUALA KRAU,N. 29 - JENGKA
PAHANG,P.087 - KUALA KRAU,N. 29 - JENGKA
PAHANG,P.087 - KUALA KRAU,N. 29 - JENGKA
PAHANG,P.088 - TEMERLOH,N. 30 - MENTAKAB
PAHANG,P.088 - TEMERLOH,N. 30 - MENTAKAB
PAHANG,P.088 - TEMERLOH,N. 30 - MENTAKAB
PAHANG,P.088 - TEMERLOH,N. 30 - MENTAKAB
PAHANG,P.088 - TEMERLOH,N. 31 - LANCHANG
PAHANG,P.088 - TEMERLOH,N. 31 - LANCHANG
PAHANG,P.088 - TEMERLOH,N. 31 - LANCHANG
PAHANG,P.088 - TEMERLOH,N. 31 - LANCHANG
PAHANG,P.088 - TEMERLOH,N. 32 - KUALA SEMANTAN
PAHANG,P.088 - TEMERLOH,N. 32 - KUALA SEMANTAN
PAHANG,P.088 - TEMERLOH,N. 32 - KUALA SEMANTAN
PAHANG,P.089 - BENTONG,N. 33 - BILUT
PAHANG,P.089 - BENTONG,N. 33 - BILUT
PAHANG,P.089 - BENTONG,N. 33 - BILUT
PAHANG,P.089 - BENTONG,N. 34 - KETARI
PAHANG,P.089 - BENTONG,N. 34 - KETARI
PAHANG,P.089 - BENTONG,N. 34 - KETARI
PAHANG,P.089 - BENTONG,N. 35 - SABAI
PAHANG,P.089 - BENTONG,N. 35 - SABAI
PAHANG,P.089 - BENTONG,N. 35 - SABAI
PAHANG,P.089 - BENTONG,N. 35 - SABAI
PAHANG,P.089 - BENTONG,N. 36 - PELANGAI
PAHANG,P.089 - BENTONG,N. 36 - PELANGAI
PAHANG,P.089 - BENTONG,N. 36 - PELANGAI
PAHANG,P.090 - BERA,N. 37 - GUAI
PAHANG,P.090 - BERA,N. 37 - GUAI
PAHANG,P.090 - BERA,N. 37 - GUAI
PAHANG,P.090 - BERA,N. 38 - TRIANG
PAHANG,P.090 - BERA,N. 38 - TRIANG
PAHANG,P.090 - BERA,N. 39 - KEMAYAN
PAHANG,P.090 - BERA,N. 39 - KEMAYAN
PAHANG,P.090 - BERA,N. 39 - KEMAYAN
PAHANG,P.091 - ROMPIN,N. 40 - BUKIT IBAM
PAHANG,P.091 - ROMPIN,N. 40 - BUKIT IBAM
PAHANG,P.091 - ROMPIN,N. 40 - BUKIT IBAM
PAHANG,P.091 - ROMPIN,N. 41 - MUADZAM SHAH
PAHANG,P.091 - ROMPIN,N. 41 - MUADZAM SHAH
PAHANG,P.091 - ROMPIN,N. 41 - MUADZAM SHAH
PAHANG,P.091 - ROMPIN,N. 42 - TIOMAN
PAHANG,P.091 - ROMPIN,N. 42 - TIOMAN
PAHANG,P.091 - ROMPIN,N. 42 - TIOMAN
PAHANG,P.091 - ROMPIN,N. 42 - TIOMAN
PERAK,P.054 - GERIK,N. 01 - PENGKALAN HULU
PERAK,P.054 - GERIK,N. 01 - PENGKALAN HULU
PERAK,P.054 - GERIK,N. 01 - PENGKALAN HULU
PERAK,P.054 - GERIK,N. 02 - TEMENGOR
PERAK,P.054 - GERIK,N. 02 - TEMENGOR
PERAK,P.054 - GERIK,N. 02 - TEMENGOR
PERAK,P.055 - LENGGONG,N. 03 - KENERING
PERAK,P.055 - LENGGONG,N. 03 - KENERING
PERAK,P.055 - LENGGONG,N. 03 - KENERING
PERAK,P.055 - LENGGONG,N. 04 - KOTA TAMPAN
PERAK,P.055 - LENGGONG,N. 04 - KOTA TAMPAN
PERAK,P.055 - LENGGONG,N. 04 - KOTA TAMPAN
PERAK,P.056 - LARUT,N. 05 - SELAMA
PERAK,P.056 - LARUT,N. 05 - SELAMA
PERAK,P.056 - LARUT,N. 05 - SELAMA
PERAK,P.056 - LARUT,N. 06 - KUBU GAJAH
PERAK,P.056 - LARUT,N. 06 - KUBU GAJAH
PERAK,P.056 - LARUT,N. 06 - KUBU GAJAH
PERAK,P.056 - LARUT,N. 07 - BATU KURAU
PERAK,P.056 - LARUT,N. 07 - BATU KURAU
PERAK,P.056 - LARUT,N. 07 - BATU KURAU
PERAK,P.056 - LARUT,N. 07 - BATU KURAU
PERAK,P.057 - PARIT BUNTAR,N. 08 - TITI SERONG
PERAK,P.057 - PARIT BUNTAR,N. 08 - TITI SERONG
PERAK,P.057 - PARIT BUNTAR,N. 08 - TITI SERONG
PERAK,P.057 - PARIT BUNTAR,N. 09 - KUALA KURAU
PERAK,P.057 - PARIT BUNTAR,N. 09 - KUALA KURAU
PERAK,P.057 - PARIT BUNTAR,N. 09 - KUALA KURAU
PERAK,P.058 - BAGAN SERAI,N. 10 - ALOR PONGSU
PERAK,P.058 - BAGAN SERAI,N. 10 - ALOR PONGSU
PERAK,P.058 - BAGAN SERAI,N. 10 - ALOR PONGSU
PERAK,P.058 - BAGAN SERAI,N. 11 - GUNONG SEMANGGOL
PERAK,P.058 - BAGAN SERAI,N. 11 - GUNONG SEMANGGOL
PERAK,P.058 - BAGAN SERAI,N. 11 - GUNONG SEMANGGOL
PERAK,P.058 - BAGAN SERAI,N. 12 - SELINSING
PERAK,P.058 - BAGAN SERAI,N. 12 - SELINSING
PERAK,P.058 - BAGAN SERAI,N. 12 - SELINSING
PERAK,P.059 - BUKIT GANTANG,N. 13 - KUALA SEPETANG
PERAK,P.059 - BUKIT GANTANG,N. 13 - KUALA SEPETANG
PERAK,P.059 - BUKIT GANTANG,N. 13 - KUALA SEPETANG
PERAK,P.059 - BUKIT GANTANG,N. 14 - CHANGKAT JERING
PERAK,P.059 - BUKIT GANTANG,N. 14 - CHANGKAT JERING
PERAK,P.059 - BUKIT GANTANG,N. 14 - CHANGKAT JERING
PERAK,P.059 - BUKIT GANTANG,N. 14 - CHANGKAT JERING
PERAK,P.059 - BUKIT GANTANG,N. 15 - TRONG
PERAK,P.059 - BUKIT GANTANG,N. 15 - TRONG
PERAK,P.059 - BUKIT GANTANG,N. 15 - TRONG
PERAK,P.060 - TAIPING,N. 16 - KAMUNTING
PERAK,P.060 - TAIPING,N. 16 - KAMUNTING
PERAK,P.060 - TAIPING,N. 16 - KAMUNTING
PERAK,P.060 - TAIPING,N. 17 - POKOK ASSAM
PERAK,P.060 - TAIPING,N. 17 - POKOK ASSAM
PERAK,P.060 - TAIPING,N. 18 - AULONG
PERAK,P.060 - TAIPING,N. 18 - AULONG
PERAK,P.061 - PADANG RENGAS,N. 19 - CHENDEROH
PERAK,P.061 - PADANG RENGAS,N. 19 - CHENDEROH
PERAK,P.061 - PADANG RENGAS,N. 19 - CHENDEROH
PERAK,P.061 - PADANG RENGAS,N. 20 - LUBOK MERBAU
PERAK,P.061 - PADANG RENGAS,N. 20 - LUBOK MERBAU
PERAK,P.061 - PADANG RENGAS,N. 20 - LUBOK MERBAU
PERAK,P.062 - SUNGAI SIPUT,N. 21 - LINTANG
PERAK,P.062 - SUNGAI SIPUT,N. 21 - LINTANG
PERAK,P.062 - SUNGAI SIPUT,N. 21 - LINTANG
PERAK,P.062 - SUNGAI SIPUT,N. 22 - JALONG
PERAK,P.062 - SUNGAI SIPUT,N. 22 - JALONG
PERAK,P.063 - TAMBUN,N. 23 - MANJOI
PERAK,P.063 - TAMBUN,N. 23 - MANJOI
PERAK,P.063 - TAMBUN,N. 23 - MANJOI
PERAK,P.063 - TAMBUN,N. 24 - HULU KINTA
PERAK,P.063 - TAMBUN,N. 24 - HULU KINTA
PERAK,P.063 - TAMBUN,N. 24 - HULU KINTA
PERAK,P.063 - TAMBUN,N. 24 - HULU KINTA
PERAK,P.064 - IPOH TIMOR,N. 25 - CANNING
PERAK,P.064 - IPOH TIMOR,N. 25 - CANNING
PERAK,P.064 - IPOH TIMOR,N. 26 - TEBING TINGGI
PERAK,P.064 - IPOH TIMOR,N. 26 - TEBING TINGGI
PERAK,P.064 - IPOH TIMOR,N. 26 - TEBING TINGGI
PERAK,P.064 - IPOH TIMOR,N. 27 - PASIR PINJI
PERAK,P.064 - IPOH TIMOR,N. 27 - PASIR PINJI
PERAK,P.065 - IPOH BARAT,N. 28 - BERCHAM
PERAK,P.065 - IPOH BARAT,N. 28 - BERCHAM
PERAK,P.065 - IPOH BARAT,N. 29 - KEPAYANG
PERAK,P.065 - IPOH BARAT,N. 29 - KEPAYANG
PERAK,P.065 - IPOH BARAT,N. 30 - BUNTONG
PERAK,P.065 - IPOH BARAT,N. 30 - BUNTONG
PERAK,P.065 - IPOH BARAT,N. 30 - BUNTONG
PERAK,P.066 - BATU GAJAH,N. 31 - JELAPANG
PERAK,P.066 - BATU GAJAH,N. 31 - JELAPANG
PERAK,P.066 - BATU GAJAH,N. 31 - JELAPANG
PERAK,P.066 - BATU GAJAH,N. 32 - MENGLEMBU
PERAK,P.066 - BATU GAJAH,N. 32 - MENGLEMBU
PERAK,P.066 - BATU GAJAH,N. 32 - MENGLEMBU
PERAK,P.066 - BATU GAJAH,N. 33 - TRONOH
PERAK,P.066 - BATU GAJAH,N. 33 - TRONOH
PERAK,P.066 - BATU GAJAH,N. 33 - TRONOH
PERAK,P.067 - KUALA KANGSAR,N. 34 - BUKIT CHANDAN
PERAK,P.067 - KUALA KANGSAR,N. 34 - BUKIT CHANDAN
PERAK,P.067 - KUALA KANGSAR,N. 34 - BUKIT CHANDAN
PERAK,P.067 - KUALA KANGSAR,N. 35 - MANONG
PERAK,P.067 - KUALA KANGSAR,N. 35 - MANONG
PERAK,P.067 - KUALA KANGSAR,N. 35 - MANONG
PERAK,P.068 - BERUAS,N. 36 - PENGKALAN BAHARU
PERAK,P.068 - BERUAS,N. 36 - PENGKALAN BAHARU
PERAK,P.068 - BERUAS,N. 36 - PENGKALAN BAHARU
PERAK,P.068 - BERUAS,N. 37 - PANTAI REMIS
PERAK,P.068 - BERUAS,N. 37 - PANTAI REMIS
PERAK,P.068 - BERUAS,N. 38 - ASTAKA
PERAK,P.068 - BERUAS,N. 38 - ASTAKA
PERAK,P.069 - PARIT,N. 39 - BELANJA
PERAK,P.069 - PARIT,N. 39 - BELANJA
PERAK,P.069 - PARIT,N. 39 - BELANJA
PERAK,P.069 - PARIT,N. 40 - BOTA
PERAK,P.069 - PARIT,N. 40 - BOTA
PERAK,P.069 - PARIT,N. 40 - BOTA
PERAK,P.070 - KAMPAR,N. 41 - MALIM NAWAR
PERAK,P.070 - KAMPAR,N. 41 - MALIM NAWAR
PERAK,P.070 - KAMPAR,N. 41 - MALIM NAWAR
PERAK,P.070 - KAMPAR,N. 42 - KERANJI
PERAK,P.070 - KAMPAR,N. 42 - KERANJI
PERAK,P.070 - KAMPAR,N. 43 - TUALANG SEKAH
PERAK,P.070 - KAMPAR,N. 43 - TUALANG SEKAH
PERAK,P.070 - KAMPAR,N. 43 - TUALANG SEKAH
PERAK,P.071 - GOPENG,N. 44 - SUNGAI RAPAT
PERAK,P.071 - GOPENG,N. 44 - SUNGAI RAPAT
PERAK,P.071 - GOPENG,N. 44 - SUNGAI RAPAT
PERAK,P.071 - GOPENG,N. 45 - SIMPANG PULAI
PERAK,P.071 - GOPENG,N. 45 - SIMPANG PULAI
PERAK,P.071 - GOPENG,N. 45 - SIMPANG PULAI
PERAK,P.071 - GOPENG,N. 46 - TEJA
PERAK,P.071 - GOPENG,N. 46 - TEJA
PERAK,P.071 - GOPENG,N. 46 - TEJA
PERAK,P.072 - TAPAH,N. 47 - CHENDERIANG
PERAK,P.072 - TAPAH,N. 47 - CHENDERIANG
PERAK,P.072 - TAPAH,N. 47 - CHENDERIANG
PERAK,P.072 - TAPAH,N. 48 - AYER KUNING
PERAK,P.072 - TAPAH,N. 48 - AYER KUNING
PERAK,P.072 - TAPAH,N. 48 - AYER KUNING
PERAK,P.073 - PASIR SALAK,N. 49 - SUNGAI MANIK
PERAK,P.073 - PASIR SALAK,N. 49 - SUNGAI MANIK
PERAK,P.073 - PASIR SALAK,N. 49 - SUNGAI MANIK
PERAK,P.073 - PASIR SALAK,N. 49 - SUNGAI MANIK
PERAK,P.073 - PASIR SALAK,N. 50 - KAMPONG GAJAH
PERAK,P.073 - PASIR SALAK,N. 50 - KAMPONG GAJAH
PERAK,P.073 - PASIR SALAK,N. 50 - KAMPONG GAJAH
PERAK,P.074 - LUMUT,N. 51 - PASIR PANJANG
PERAK,P.074 - LUMUT,N. 51 - PASIR PANJANG
PERAK,P.074 - LUMUT,N. 51 - PASIR PANJANG
PERAK,P.074 - LUMUT,N. 52 - PANGKOR
PERAK,P.074 - LUMUT,N. 52 - PANGKOR
PERAK,P.074 - LUMUT,N. 52 - PANGKOR
PERAK,P.075 - BAGAN DATUK,N. 53 - RUNGKUP
PERAK,P.075 - BAGAN DATUK,N. 53 - RUNGKUP
PERAK,P.075 - BAGAN DATUK,N. 53 - RUNGKUP
PERAK,P.075 - BAGAN DATUK,N. 54 - HUTAN MELINTANG
PERAK,P.075 - BAGAN DATUK,N. 54 - HUTAN MELINTANG
PERAK,P.075 - BAGAN DATUK,N. 54 - HUTAN MELINTANG
PERAK,P.076 - TELUK INTAN,N. 55 - PASIR BEDAMAR
PERAK,P.076 - TELUK INTAN,N. 55 - PASIR BEDAMAR
PERAK,P.076 - TELUK INTAN,N. 55 - PASIR BEDAMAR
PERAK,P.076 - TELUK INTAN,N. 56 - CHANGKAT JONG
PERAK,P.076 - TELUK INTAN,N. 56 - CHANGKAT JONG
PERAK,P.076 - TELUK INTAN,N. 56 - CHANGKAT JONG
PERAK,P.077 - TANJONG MALIM,N. 57 - SUNGKAI
PERAK,P.077 - TANJONG MALIM,N. 57 - SUNGKAI
PERAK,P.077 - TANJONG MALIM,N. 57 - SUNGKAI
PERAK,P.077 - TANJONG MALIM,N. 58 - SLIM
PERAK,P.077 - TANJONG MALIM,N. 58 - SLIM
PERAK,P.077 - TANJONG MALIM,N. 58 - SLIM
PERAK,P.077 - TANJONG MALIM,N. 59 - BEHRANG
PERAK,P.077 - TANJONG MALIM,N. 59 - BEHRANG
PERAK,P.077 - TANJONG MALIM,N. 59 - BEHRANG
PERLIS,P.001 - PADANG BESAR,N. 01 - TITI TINGGI
PERLIS,P.001 - PADANG BESAR,N. 01 - TITI TINGGI
PERLIS,P.001 - PADANG BESAR,N. 01 - TITI TINGGI
PERLIS,P.001 - PADANG BESAR,N. 01 - TITI TINGGI
PERLIS,P.001 - PADANG BESAR,N. 02 - BESERI
PERLIS,P.001 - PADANG BESAR,N. 02 - BESERI
PERLIS,P.001 - PADANG BESAR,N. 02 - BESERI
PERLIS,P.001 - PADANG BESAR,N. 03 - CHUPING
PERLIS,P.001 - PADANG BESAR,N. 03 - CHUPING
PERLIS,P.001 - PADANG BESAR,N. 03 - CHUPING
PERLIS,P.001 - PADANG BESAR,N. 04 - MATA AYER
PERLIS,P.001 - PADANG BESAR,N. 04 - MATA AYER
PERLIS,P.001 - PADANG BESAR,N. 04 - MATA AYER
PERLIS,P.001 - PADANG BESAR,N. 05 - SANTAN
PERLIS,P.001 - PADANG BESAR,N. 05 - SANTAN
PERLIS,P.001 - PADANG BESAR,N. 05 - SANTAN
PERLIS,P.002 - KANGAR,N. 06 - BINTONG
PERLIS,P.002 - KANGAR,N. 06 - BINTONG
PERLIS,P.002 - KANGAR,N. 06 - BINTONG
PERLIS,P.002 - KANGAR,N. 07 - SENA
PERLIS,P.002 - KANGAR,N. 07 - SENA
PERLIS,P.002 - KANGAR,N. 07 - SENA
PERLIS,P.002 - KANGAR,N. 08 - INDERA KAYANGAN
PERLIS,P.002 - KANGAR,N. 08 - INDERA KAYANGAN
PERLIS,P.002 - KANGAR,N. 08 - INDERA KAYANGAN
PERLIS,P.002 - KANGAR,N. 09 - KUALA PERLIS
PERLIS,P.002 - KANGAR,N. 09 - KUALA PERLIS
PERLIS,P.002 - KANGAR,N. 09 - KUALA PERLIS
PERLIS,P.002 - KANGAR,N. 10 - KAYANG
PERLIS,P.002 - KANGAR,N. 10 - KAYANG
PERLIS,P.002 - KANGAR,N. 10 - KAYANG
PERLIS,P.003 - ARAU,N. 11 - PAUH
PERLIS,P.003 - ARAU,N. 11 - PAUH
PERLIS,P.003 - ARAU,N. 11 - PAUH
PERLIS,P.003 - ARAU,N. 12 - TAMBUN TULANG
PERLIS,P.003 - ARAU,N. 12 - TAMBUN TULANG
PERLIS,P.003 - ARAU,N. 12 - TAMBUN TULANG
PERLIS,P.003 - ARAU,N. 13 - GUAR SANJI
PERLIS,P.003 - ARAU,N. 13 - GUAR SANJI
PERLIS,P.003 - ARAU,N. 13 - GUAR SANJI
PERLIS,P.003 - ARAU,N. 14 - SIMPANG EMPAT
PERLIS,P.003 - ARAU,N. 14 - SIMPANG EMPAT
PERLIS,P.003 - ARAU,N. 14 - SIMPANG EMPAT
PERLIS,P.003 - ARAU,N. 15 - SANGLANG
PERLIS,P.003 - ARAU,N. 15 - SANGLANG
PERLIS,P.003 - ARAU,N. 15 - SANGLANG
PULAU PINANG,P.041 - KEPALA BATAS,N. 01 - PENAGA
PULAU PINANG,P.041 - KEPALA BATAS,N. 01 - PENAGA
PULAU PINANG,P.041 - KEPALA BATAS,N. 02 - BERTAM
PULAU PINANG,P.041 - KEPALA BATAS,N. 02 - BERTAM
PULAU PINANG,P.041 - KEPALA BATAS,N. 02 - BERTAM
PULAU PINANG,P.041 - KEPALA BATAS,N. 03 - PINANG TUNGGAL
PULAU PINANG,P.041 - KEPALA BATAS,N. 03 - PINANG TUNGGAL
PULAU PINANG,P.041 - KEPALA BATAS,N. 03 - PINANG TUNGGAL
PULAU PINANG,P.042 - TASEK GELUGOR,N. 04 - PERMATANG BERANGAN
PULAU PINANG,P.042 - TASEK GELUGOR,N. 04 - PERMATANG BERANGAN
PULAU PINANG,P.042 - TASEK GELUGOR,N. 04 - PERMATANG BERANGAN
PULAU PINANG,P.042 - TASEK GELUGOR,N. 04 - PERMATANG BERANGAN
PULAU PINANG,P.042 - TASEK GELUGOR,N. 05 - SUNGAI DUA
PULAU PINANG,P.042 - TASEK GELUGOR,N. 05 - SUNGAI DUA
PULAU PINANG,P.042 - TASEK GELUGOR,N. 05 - SUNGAI DUA
PULAU PINANG,P.042 - TASEK GELUGOR,N. 06 - TELOK AYER TAWAR
PULAU PINANG,P.042 - TASEK GELUGOR,N. 06 - TELOK AYER TAWAR
PULAU PINANG,P.042 - TASEK GELUGOR,N. 06 - TELOK AYER TAWAR
PULAU PINANG,P.042 - TASEK GELUGOR,N. 06 - TELOK AYER TAWAR
PULAU PINANG,P.043 - BAGAN,N. 07 - SUNGAI PUYU
PULAU PINANG,P.043 - BAGAN,N. 07 - SUNGAI PUYU
PULAU PINANG,P.043 - BAGAN,N. 07 - SUNGAI PUYU
PULAU PINANG,P.043 - BAGAN,N. 07 - SUNGAI PUYU
PULAU PINANG,P.043 - BAGAN,N. 07 - SUNGAI PUYU
PULAU PINANG,P.043 - BAGAN,N. 08 - BAGAN JERMAL
PULAU PINANG,P.043 - BAGAN,N. 08 - BAGAN JERMAL
PULAU PINANG,P.043 - BAGAN,N. 08 - BAGAN JERMAL
PULAU PINANG,P.043 - BAGAN,N. 08 - BAGAN JERMAL
PULAU PINANG,P.043 - BAGAN,N. 08 - BAGAN JERMAL
PULAU PINANG,P.043 - BAGAN,N. 09 - BAGAN DALAM
PULAU PINANG,P.043 - BAGAN,N. 09 - BAGAN DALAM
PULAU PINANG,P.043 - BAGAN,N. 09 - BAGAN DALAM
PULAU PINANG,P.043 - BAGAN,N. 09 - BAGAN DALAM
PULAU PINANG,P.043 - BAGAN,N. 09 - BAGAN DALAM
PULAU PINANG,P.044 - PERMATANG PAUH,N. 10 - SEBERANG JAYA
PULAU PINANG,P.044 - PERMATANG PAUH,N. 10 - SEBERANG JAYA
PULAU PINANG,P.044 - PERMATANG PAUH,N. 10 - SEBERANG JAYA
PULAU PINANG,P.044 - PERMATANG PAUH,N. 11 - PERMATANG PASIR
PULAU PINANG,P.044 - PERMATANG PAUH,N. 11 - PERMATANG PASIR
PULAU PINANG,P.044 - PERMATANG PAUH,N. 11 - PERMATANG PASIR
PULAU PINANG,P.044 - PERMATANG PAUH,N. 12 - PENANTI
PULAU PINANG,P.044 - PERMATANG PAUH,N. 12 - PENANTI
PULAU PINANG,P.044 - PERMATANG PAUH,N. 12 - PENANTI
PULAU PINANG,P.045 - BUKIT MERTAJAM,N. 13 - BERAPIT
PULAU PINANG,P.045 - BUKIT MERTAJAM,N. 13 - BERAPIT
PULAU PINANG,P.045 - BUKIT MERTAJAM,N. 13 - BERAPIT
PULAU PINANG,P.045 - BUKIT MERTAJAM,N. 13 - BERAPIT
PULAU PINANG,P.045 - BUKIT MERTAJAM,N. 14 - MACHANG BUBUK
PULAU PINANG,P.045 - BUKIT MERTAJAM,N. 14 - MACHANG BUBUK
PULAU PINANG,P.045 - BUKIT MERTAJAM,N. 14 - MACHANG BUBUK
PULAU PINANG,P.045 - BUKIT MERTAJAM,N. 14 - MACHANG BUBUK
PULAU PINANG,P.045 - BUKIT MERTAJAM,N. 14 - MACHANG BUBUK
PULAU PINANG,P.045 - BUKIT MERTAJAM,N. 15 - PADANG LALANG
PULAU PINANG,P.045 - BUKIT MERTAJAM,N. 15 - PADANG LALANG
PULAU PINANG,P.045 - BUKIT MERTAJAM,N. 15 - PADANG LALANG
PULAU PINANG,P.045 - BUKIT MERTAJAM,N. 15 - PADANG LALANG
PULAU PINANG,P.046 - BATU KAWAN,N. 16 - PERAI
PULAU PINANG,P.046 - BATU KAWAN,N. 16 - PERAI
PULAU PINANG,P.046 - BATU KAWAN,N. 16 - PERAI
PULAU PINANG,P.046 - BATU KAWAN,N. 16 - PERAI
PULAU PINANG,P.046 - BATU KAWAN,N. 16 - PERAI
PULAU PINANG,P.046 - BATU KAWAN,N. 16 - PERAI
PULAU PINANG,P.046 - BATU KAWAN,N. 17 - BUKIT TENGAH
PULAU PINANG,P.046 - BATU KAWAN,N. 17 - BUKIT TENGAH
PULAU PINANG,P.046 - BATU KAWAN,N. 17 - BUKIT TENGAH
PULAU PINANG,P.046 - BATU KAWAN,N. 17 - BUKIT TENGAH
PULAU PINANG,P.046 - BATU KAWAN,N. 17 - BUKIT TENGAH
PULAU PINANG,P.046 - BATU KAWAN,N. 18 - BUKIT TAMBUN
PULAU PINANG,P.046 - BATU KAWAN,N. 18 - BUKIT TAMBUN
PULAU PINANG,P.046 - BATU KAWAN,N. 18 - BUKIT TAMBUN
PULAU PINANG,P.046 - BATU KAWAN,N. 18 - BUKIT TAMBUN
PULAU PINANG,P.046 - BATU KAWAN,N. 18 - BUKIT TAMBUN
PULAU PINANG,P.047 - NIBONG TEBAL,N. 19 - JAWI
PULAU PINANG,P.047 - NIBONG TEBAL,N. 19 - JAWI
PULAU PINANG,P.047 - NIBONG TEBAL,N. 19 - JAWI
PULAU PINANG,P.047 - NIBONG TEBAL,N. 19 - JAWI
PULAU PINANG,P.047 - NIBONG TEBAL,N. 19 - JAWI
PULAU PINANG,P.047 - NIBONG TEBAL,N. 19 - JAWI
PULAU PINANG,P.047 - NIBONG TEBAL,N. 20 - SUNGAI BAKAP
PULAU PINANG,P.047 - NIBONG TEBAL,N. 20 - SUNGAI BAKAP
PULAU PINANG,P.047 - NIBONG TEBAL,N. 20 - SUNGAI BAKAP
PULAU PINANG,P.047 - NIBONG TEBAL,N. 20 - SUNGAI BAKAP
PULAU PINANG,P.047 - NIBONG TEBAL,N. 21 - SUNGAI ACHEH
PULAU PINANG,P.047 - NIBONG TEBAL,N. 21 - SUNGAI ACHEH
PULAU PINANG,P.047 - NIBONG TEBAL,N. 21 - SUNGAI ACHEH
PULAU PINANG,P.048 - BUKIT BENDERA,N. 22 - TANJONG BUNGA
PULAU PINANG,P.048 - BUKIT BENDERA,N. 22 - TANJONG BUNGA
PULAU PINANG,P.048 - BUKIT BENDERA,N. 22 - TANJONG BUNGA
PULAU PINANG,P.048 - BUKIT BENDERA,N. 22 - TANJONG BUNGA
PULAU PINANG,P.048 - BUKIT BENDERA,N. 23 - AIR PUTIH
PULAU PINANG,P.048 - BUKIT BENDERA,N. 23 - AIR PUTIH
PULAU PINANG,P.048 - BUKIT BENDERA,N. 23 - AIR PUTIH
PULAU PINANG,P.048 - BUKIT BENDERA,N. 23 - AIR PUTIH
PULAU PINANG,P.048 - BUKIT BENDERA,N. 24 - KEBUN BUNGA
PULAU PINANG,P.048 - BUKIT BENDERA,N. 24 - KEBUN BUNGA
PULAU PINANG,P.048 - BUKIT BENDERA,N. 24 - KEBUN BUNGA
PULAU PINANG,P.048 - BUKIT BENDERA,N. 25 - PULAU TIKUS
PULAU PINANG,P.048 - BUKIT BENDERA,N. 25 - PULAU TIKUS
PULAU PINANG,P.048 - BUKIT BENDERA,N. 25 - PULAU TIKUS
PULAU PINANG,P.049 - TANJONG,N. 26 - PADANG KOTA
PULAU PINANG,P.049 - TANJONG,N. 26 - PADANG KOTA
PULAU PINANG,P.049 - TANJONG,N. 26 - PADANG KOTA
PULAU PINANG,P.049 - TANJONG,N. 27 - PENGKALAN KOTA
PULAU PINANG,P.049 - TANJONG,N. 27 - PENGKALAN KOTA
PULAU PINANG,P.049 - TANJONG,N. 27 - PENGKALAN KOTA
PULAU PINANG,P.049 - TANJONG,N. 27 - PENGKALAN KOTA
PULAU PINANG,P.049 - TANJONG,N. 27 - PENGKALAN KOTA
PULAU PINANG,P.049 - TANJONG,N. 28 - KOMTAR
PULAU PINANG,P.049 - TANJONG,N. 28 - KOMTAR
PULAU PINANG,P.049 - TANJONG,N. 28 - KOMTAR
PULAU PINANG,P.050 - JELUTONG,N. 29 - DATOK KERAMAT
PULAU PINANG,P.050 - JELUTONG,N. 29 - DATOK KERAMAT
PULAU PINANG,P.050 - JELUTONG,N. 29 - DATOK KERAMAT
PULAU PINANG,P.050 - JELUTONG,N. 29 - DATOK KERAMAT
PULAU PINANG,P.050 - JELUTONG,N. 29 - DATOK KERAMAT
PULAU PINANG,P.050 - JELUTONG,N. 30 - SUNGAI PINANG
PULAU PINANG,P.050 - JELUTONG,N. 30 - SUNGAI PINANG
PULAU PINANG,P.050 - JELUTONG,N. 30 - SUNGAI PINANG
PULAU PINANG,P.050 - JELUTONG,N. 30 - SUNGAI PINANG
PULAU PINANG,P.050 - JELUTONG,N. 30 - SUNGAI PINANG
PULAU PINANG,P.050 - JELUTONG,N. 30 - SUNGAI PINANG
PULAU PINANG,P.050 - JELUTONG,N. 31 - BATU LANCANG
PULAU PINANG,P.050 - JELUTONG,N. 31 - BATU LANCANG
PULAU PINANG,P.050 - JELUTONG,N. 31 - BATU LANCANG
PULAU PINANG,P.051 - BUKIT GELUGOR,N. 32 - SERI DELIMA
PULAU PINANG,P.051 - BUKIT GELUGOR,N. 32 - SERI DELIMA
PULAU PINANG,P.051 - BUKIT GELUGOR,N. 32 - SERI DELIMA
PULAU PINANG,P.051 - BUKIT GELUGOR,N. 33 - AIR ITAM
PULAU PINANG,P.051 - BUKIT GELUGOR,N. 33 - AIR ITAM
PULAU PINANG,P.051 - BUKIT GELUGOR,N. 33 - AIR ITAM
PULAU PINANG,P.051 - BUKIT GELUGOR,N. 34 - PAYA TERUBONG
PULAU PINANG,P.051 - BUKIT GELUGOR,N. 34 - PAYA TERUBONG
PULAU PINANG,P.051 - BUKIT GELUGOR,N. 34 - PAYA TERUBONG
PULAU PINANG,P.052 - BAYAN BARU,N. 35 - BATU UBAN
PULAU PINANG,P.052 - BAYAN BARU,N. 35 - BATU UBAN
PULAU PINANG,P.052 - BAYAN BARU,N. 35 - BATU UBAN
PULAU PINANG,P.052 - BAYAN BARU,N. 35 - BATU UBAN
PULAU PINANG,P.052 - BAYAN BARU,N. 35 - BATU UBAN
PULAU PINANG,P.052 - BAYAN BARU,N. 36 - PANTAI JEREJAK
PULAU PINANG,P.052 - BAYAN BARU,N. 36 - PANTAI JEREJAK
PULAU PINANG,P.052 - BAYAN BARU,N. 36 - PANTAI JEREJAK
PULAU PINANG,P.052 - BAYAN BARU,N. 36 - PANTAI JEREJAK
PULAU PINANG,P.052 - BAYAN BARU,N. 37 - BATU MAUNG
PULAU PINANG,P.052 - BAYAN BARU,N. 37 - BATU MAUNG
PULAU PINANG,P.052 - BAYAN BARU,N. 37 - BATU MAUNG
PULAU PINANG,P.053 - BALIK PULAU,N. 38 - BAYAN LEPAS
PULAU PINANG,P.053 - BALIK PULAU,N. 38 - BAYAN LEPAS
PULAU PINANG,P.053 - BALIK PULAU,N. 38 - BAYAN LEPAS
PULAU PINANG,P.053 - BALIK PULAU,N. 39 - PULAU BETONG
PULAU PINANG,P.053 - BALIK PULAU,N. 39 - PULAU BETONG
PULAU PINANG,P.053 - BALIK PULAU,N. 39 - PULAU BETONG
PULAU PINANG,P.053 - BALIK PULAU,N. 39 - PULAU BETONG
PULAU PINANG,P.053 - BALIK PULAU,N. 40 - TELOK BAHANG
PULAU PINANG,P.053 - BALIK PULAU,N. 40 - TELOK BAHANG
PULAU PINANG,P.053 - BALIK PULAU,N. 40 - TELOK BAHANG
SABAH,P.167 - KUDAT,N. 01 - BANGGI
SABAH,P.167 - KUDAT,N. 01 - BANGGI
SABAH,P.167 - KUDAT,N. 01 - BANGGI
SABAH,P.167 - KUDAT,N. 01 - BANGGI
SABAH,P.167 - KUDAT,N. 01 - BANGGI
SABAH,P.167 - KUDAT,N. 01 - BANGGI
SABAH,P.167 - KUDAT,N. 02 - TANJONG KAPOR
SABAH,P.167 - KUDAT,N. 02 - TANJONG KAPOR
SABAH,P.167 - KUDAT,N. 02 - TANJONG KAPOR
SABAH,P.167 - KUDAT,N. 02 - TANJONG KAPOR
SABAH,P.167 - KUDAT,N. 02 - TANJONG KAPOR
SABAH,P.167 - KUDAT,N. 03 - PITAS
SABAH,P.167 - KUDAT,N. 03 - PITAS
SABAH,P.167 - KUDAT,N. 03 - PITAS
SABAH,P.167 - KUDAT,N. 03 - PITAS
SABAH,P.167 - KUDAT,N. 03 - PITAS
SABAH,P.167 - KUDAT,N. 03 - PITAS
SABAH,P.168 - KOTA MARUDU,N. 04 - MATUNGGONG
SABAH,P.168 - KOTA MARUDU,N. 04 - MATUNGGONG
SABAH,P.168 - KOTA MARUDU,N. 04 - MATUNGGONG
SABAH,P.168 - KOTA MARUDU,N. 04 - MATUNGGONG
SABAH,P.168 - KOTA MARUDU,N. 04 - MATUNGGONG
SABAH,P.168 - KOTA MARUDU,N. 05 - TANDEK
SABAH,P.168 - KOTA MARUDU,N. 05 - TANDEK
SABAH,P.168 - KOTA MARUDU,N. 05 - TANDEK
SABAH,P.168 - KOTA MARUDU,N. 05 - TANDEK
SABAH,P.169 - KOTA BELUD,N. 06 - TEMPASUK
SABAH,P.169 - KOTA BELUD,N. 06 - TEMPASUK
SABAH,P.169 - KOTA BELUD,N. 06 - TEMPASUK
SABAH,P.169 - KOTA BELUD,N. 06 - TEMPASUK
SABAH,P.169 - KOTA BELUD,N. 07 - KADAMAIAN
SABAH,P.169 - KOTA BELUD,N. 07 - KADAMAIAN
SABAH,P.169 - KOTA BELUD,N. 07 - KADAMAIAN
SABAH,P.169 - KOTA BELUD,N. 07 - KADAMAIAN
SABAH,P.169 - KOTA BELUD,N. 07 - KADAMAIAN
SABAH,P.169 - KOTA BELUD,N. 08 - USUKAN
SABAH,P.169 - KOTA BELUD,N. 08 - USUKAN
SABAH,P.169 - KOTA BELUD,N. 08 - USUKAN
SABAH,P.169 - KOTA BELUD,N. 08 - USUKAN
SABAH,P.170 - TUARAN,N. 09 - TAMPARULI
SABAH,P.170 - TUARAN,N. 09 - TAMPARULI
SABAH,P.170 - TUARAN,N. 09 - TAMPARULI
SABAH,P.170 - TUARAN,N. 09 - TAMPARULI
SABAH,P.170 - TUARAN,N. 10 - SULAMAN
SABAH,P.170 - TUARAN,N. 10 - SULAMAN
SABAH,P.170 - TUARAN,N. 10 - SULAMAN
SABAH,P.170 - TUARAN,N. 11 - KIULU
SABAH,P.170 - TUARAN,N. 11 - KIULU
SABAH,P.170 - TUARAN,N. 11 - KIULU
SABAH,P.170 - TUARAN,N. 11 - KIULU
SABAH,P.171 - SEPANGGAR,N. 12 - KARAMBUNAI
SABAH,P.171 - SEPANGGAR,N. 12 - KARAMBUNAI
SABAH,P.171 - SEPANGGAR,N. 12 - KARAMBUNAI
SABAH,P.171 - SEPANGGAR,N. 12 - KARAMBUNAI
SABAH,P.171 - SEPANGGAR,N. 13 - INANAM
SABAH,P.171 - SEPANGGAR,N. 13 - INANAM
SABAH,P.171 - SEPANGGAR,N. 13 - INANAM
SABAH,P.171 - SEPANGGAR,N. 13 - INANAM
SABAH,P.171 - SEPANGGAR,N. 13 - INANAM
SABAH,P.171 - SEPANGGAR,N. 13 - INANAM
SABAH,P.172 - KOTA KINABALU,N. 14 - LIKAS
SABAH,P.172 - KOTA KINABALU,N. 14 - LIKAS
SABAH,P.172 - KOTA KINABALU,N. 14 - LIKAS
SABAH,P.172 - KOTA KINABALU,N. 15 - API-API
SABAH,P.172 - KOTA KINABALU,N. 15 - API-API
SABAH,P.172 - KOTA KINABALU,N. 15 - API-API
SABAH,P.172 - KOTA KINABALU,N. 15 - API-API
SABAH,P.172 - KOTA KINABALU,N. 15 - API-API
SABAH,P.172 - KOTA KINABALU,N. 16 - LUYANG
SABAH,P.172 - KOTA KINABALU,N. 16 - LUYANG
SABAH,P.172 - KOTA KINABALU,N. 16 - LUYANG
SABAH,P.173 - PUTATAN,N. 17 - TANJONG ARU
SABAH,P.173 - PUTATAN,N. 17 - TANJONG ARU
SABAH,P.173 - PUTATAN,N. 17 - TANJONG ARU
SABAH,P.173 - PUTATAN,N. 17 - TANJONG ARU
SABAH,P.173 - PUTATAN,N. 17 - TANJONG ARU
SABAH,P.173 - PUTATAN,N. 18 - PETAGAS
SABAH,P.173 - PUTATAN,N. 18 - PETAGAS
SABAH,P.173 - PUTATAN,N. 18 - PETAGAS
SABAH,P.174 - PENAMPANG,N. 19 - KAPAYAN
SABAH,P.174 - PENAMPANG,N. 19 - KAPAYAN
SABAH,P.174 - PENAMPANG,N. 19 - KAPAYAN
SABAH,P.174 - PENAMPANG,N. 20 - MOYOG
SABAH,P.174 - PENAMPANG,N. 20 - MOYOG
SABAH,P.174 - PENAMPANG,N. 20 - MOYOG
SABAH,P.174 - PENAMPANG,N. 20 - MOYOG
SABAH,P.175 - PAPAR,N. 21 - KAWANG
SABAH,P.175 - PAPAR,N. 21 - KAWANG
SABAH,P.175 - PAPAR,N. 21 - KAWANG
SABAH,P.175 - PAPAR,N. 21 - KAWANG
SABAH,P.175 - PAPAR,N. 22 - PANTAI MANIS
SABAH,P.175 - PAPAR,N. 22 - PANTAI MANIS
SABAH,P.175 - PAPAR,N. 22 - PANTAI MANIS
SABAH,P.175 - PAPAR,N. 22 - PANTAI MANIS
SABAH,P.176 - KIMANIS,N. 23 - BONGAWAN
SABAH,P.176 - KIMANIS,N. 23 - BONGAWAN
SABAH,P.176 - KIMANIS,N. 23 - BONGAWAN
SABAH,P.176 - KIMANIS,N. 24 - MEMBAKUT
SABAH,P.176 - KIMANIS,N. 24 - MEMBAKUT
SABAH,P.176 - KIMANIS,N. 24 - MEMBAKUT
SABAH,P.176 - KIMANIS,N. 24 - MEMBAKUT
SABAH,P.176 - KIMANIS,N. 24 - MEMBAKUT
SABAH,P.177 - BEAUFORT,N. 25 - KLIAS
SABAH,P.177 - BEAUFORT,N. 25 - KLIAS
SABAH,P.177 - BEAUFORT,N. 25 - KLIAS
SABAH,P.177 - BEAUFORT,N. 26 - KUALA PENYU
SABAH,P.177 - BEAUFORT,N. 26 - KUALA PENYU
SABAH,P.177 - BEAUFORT,N. 26 - KUALA PENYU
SABAH,P.177 - BEAUFORT,N. 26 - KUALA PENYU
SABAH,P.178 - SIPITANG,N. 27 - LUMADAN
SABAH,P.178 - SIPITANG,N. 27 - LUMADAN
SABAH,P.178 - SIPITANG,N. 27 - LUMADAN
SABAH,P.178 - SIPITANG,N. 28 - SINDUMIN
SABAH,P.178 - SIPITANG,N. 28 - SINDUMIN
SABAH,P.178 - SIPITANG,N. 28 - SINDUMIN
SABAH,P.179 - RANAU,N. 29 - KUNDASANG
SABAH,P.179 - RANAU,N. 29 - KUNDASANG
SABAH,P.179 - RANAU,N. 29 - KUNDASANG
SABAH,P.179 - RANAU,N. 29 - KUNDASANG
SABAH,P.179 - RANAU,N. 29 - KUNDASANG
SABAH,P.179 - RANAU,N. 30 - KARANAAN
SABAH,P.179 - RANAU,N. 30 - KARANAAN
SABAH,P.179 - RANAU,N. 30 - KARANAAN
SABAH,P.179 - RANAU,N. 30 - KARANAAN
SABAH,P.179 - RANAU,N. 31 - PAGINATAN
SABAH,P.179 - RANAU,N. 31 - PAGINATAN
SABAH,P.179 - RANAU,N. 31 - PAGINATAN
SABAH,P.179 - RANAU,N. 31 - PAGINATAN
SABAH,P.179 - RANAU,N. 31 - PAGINATAN
SABAH,P.180 - KENINGAU,N. 32 - TAMBUNAN
SABAH,P.180 - KENINGAU,N. 32 - TAMBUNAN
SABAH,P.180 - KENINGAU,N. 32 - TAMBUNAN
SABAH,P.180 - KENINGAU,N. 32 - TAMBUNAN
SABAH,P.180 - KENINGAU,N. 33 - BINGKOR
SABAH,P.180 - KENINGAU,N. 33 - BINGKOR
SABAH,P.180 - KENINGAU,N. 33 - BINGKOR
SABAH,P.180 - KENINGAU,N. 33 - BINGKOR
SABAH,P.180 - KENINGAU,N. 33 - BINGKOR
SABAH,P.180 - KENINGAU,N. 33 - BINGKOR
SABAH,P.180 - KENINGAU,N. 34 - LIAWAN
SABAH,P.180 - KENINGAU,N. 34 - LIAWAN
SABAH,P.180 - KENINGAU,N. 34 - LIAWAN
SABAH,P.180 - KENINGAU,N. 34 - LIAWAN
SABAH,P.181 - TENOM,N. 35 - MELALAP
SABAH,P.181 - TENOM,N. 35 - MELALAP
SABAH,P.181 - TENOM,N. 35 - MELALAP
SABAH,P.181 - TENOM,N. 35 - MELALAP
SABAH,P.181 - TENOM,N. 35 - MELALAP
SABAH,P.181 - TENOM,N. 36 - KEMABONG
SABAH,P.181 - TENOM,N. 36 - KEMABONG
SABAH,P.181 - TENOM,N. 36 - KEMABONG
SABAH,P.181 - TENOM,N. 36 - KEMABONG
SABAH,P.182 - PENSIANGAN,N. 37 - SOOK
SABAH,P.182 - PENSIANGAN,N. 37 - SOOK
SABAH,P.182 - PENSIANGAN,N. 37 - SOOK
SABAH,P.182 - PENSIANGAN,N. 37 - SOOK
SABAH,P.182 - PENSIANGAN,N. 38 - NABAWAN
SABAH,P.182 - PENSIANGAN,N. 38 - NABAWAN
SABAH,P.182 - PENSIANGAN,N. 38 - NABAWAN
SABAH,P.182 - PENSIANGAN,N. 38 - NABAWAN
SABAH,P.183 - BELURAN,N. 39 - SUGUT
SABAH,P.183 - BELURAN,N. 39 - SUGUT
SABAH,P.183 - BELURAN,N. 39 - SUGUT
SABAH,P.183 - BELURAN,N. 39 - SUGUT
SABAH,P.183 - BELURAN,N. 40 - LABUK
SABAH,P.183 - BELURAN,N. 40 - LABUK
SABAH,P.183 - BELURAN,N. 40 - LABUK
SABAH,P.183 - BELURAN,N. 40 - LABUK
SABAH,P.183 - BELURAN,N. 40 - LABUK
SABAH,P.184 - LIBARAN,N. 41 - GUM-GUM
SABAH,P.184 - LIBARAN,N. 41 - GUM-GUM
SABAH,P.184 - LIBARAN,N. 41 - GUM-GUM
SABAH,P.184 - LIBARAN,N. 41 - GUM-GUM
SABAH,P.184 - LIBARAN,N. 41 - GUM-GUM
SABAH,P.184 - LIBARAN,N. 42 - SUNGAI SIBUGA
SABAH,P.184 - LIBARAN,N. 42 - SUNGAI SIBUGA
SABAH,P.184 - LIBARAN,N. 42 - SUNGAI SIBUGA
SABAH,P.185 - BATU SAPI,N. 43 - SEKONG
SABAH,P.185 - BATU SAPI,N. 43 - SEKONG
SABAH,P.185 - BATU SAPI,N. 43 - SEKONG
SABAH,P.185 - BATU SAPI,N. 43 - SEKONG
SABAH,P.185 - BATU SAPI,N. 43 - SEKONG
SABAH,P.185 - BATU SAPI,N. 43 - SEKONG
SABAH,P.185 - BATU SAPI,N. 44 - KARAMUNTING
SABAH,P.185 - BATU SAPI,N. 44 - KARAMUNTING
SABAH,P.185 - BATU SAPI,N. 44 - KARAMUNTING
SABAH,P.185 - BATU SAPI,N. 44 - KARAMUNTING
SABAH,P.186 - SANDAKAN,N. 45 - ELOPURA
SABAH,P.186 - SANDAKAN,N. 45 - ELOPURA
SABAH,P.186 - SANDAKAN,N. 46 - TANJONG PAPAT
SABAH,P.186 - SANDAKAN,N. 46 - TANJONG PAPAT
SABAH,P.186 - SANDAKAN,N. 46 - TANJONG PAPAT
SABAH,P.187 - KINABATANGAN,N. 47 - KUAMUT
SABAH,P.187 - KINABATANGAN,N. 47 - KUAMUT
SABAH,P.187 - KINABATANGAN,N. 47 - KUAMUT
SABAH,P.187 - KINABATANGAN,N. 47 - KUAMUT
SABAH,P.187 - KINABATANGAN,N. 47 - KUAMUT
SABAH,P.187 - KINABATANGAN,N. 48 - SUKAU
SABAH,P.187 - KINABATANGAN,N. 48 - SUKAU
SABAH,P.187 - KINABATANGAN,N. 48 - SUKAU
SABAH,P.187 - KINABATANGAN,N. 48 - SUKAU
SABAH,P.188 - SILAM,N. 49 - TUNGKU
SABAH,P.188 - SILAM,N. 49 - TUNGKU
SABAH,P.188 - SILAM,N. 49 - TUNGKU
SABAH,P.188 - SILAM,N. 49 - TUNGKU
SABAH,P.188 - SILAM,N. 50 - LAHAD DATU
SABAH,P.188 - SILAM,N. 50 - LAHAD DATU
SABAH,P.188 - SILAM,N. 50 - LAHAD DATU
SABAH,P.188 - SILAM,N. 51 - KUNAK
SABAH,P.188 - SILAM,N. 51 - KUNAK
SABAH,P.188 - SILAM,N. 51 - KUNAK
SABAH,P.188 - SILAM,N. 51 - KUNAK
SABAH,P.189 - SEMPORNA,N. 52 - SULABAYAN
SABAH,P.189 - SEMPORNA,N. 52 - SULABAYAN
SABAH,P.189 - SEMPORNA,N. 52 - SULABAYAN
SABAH,P.189 - SEMPORNA,N. 52 - SULABAYAN
SABAH,P.189 - SEMPORNA,N. 53 - SENALLANG
SABAH,P.189 - SEMPORNA,N. 53 - SENALLANG
SABAH,P.189 - SEMPORNA,N. 54 - BUGAYA
SABAH,P.189 - SEMPORNA,N. 54 - BUGAYA
SABAH,P.189 - SEMPORNA,N. 54 - BUGAYA
SABAH,P.189 - SEMPORNA,N. 54 - BUGAYA
SABAH,P.189 - SEMPORNA,N. 54 - BUGAYA
SABAH,P.189 - SEMPORNA,N. 54 - BUGAYA
SABAH,P.190 - TAWAU,N. 55 - BALUNG
SABAH,P.190 - TAWAU,N. 55 - BALUNG
SABAH,P.190 - TAWAU,N. 55 - BALUNG
SABAH,P.190 - TAWAU,N. 55 - BALUNG
SABAH,P.190 - TAWAU,N. 55 - BALUNG
SABAH,P.190 - TAWAU,N. 56 - APAS
SABAH,P.190 - TAWAU,N. 56 - APAS
SABAH,P.190 - TAWAU,N. 56 - APAS
SABAH,P.190 - TAWAU,N. 56 - APAS
SABAH,P.190 - TAWAU,N. 57 - SRI TANJONG
SABAH,P.190 - TAWAU,N. 57 - SRI TANJONG
SABAH,P.190 - TAWAU,N. 57 - SRI TANJONG
SABAH,P.190 - TAWAU,N. 57 - SRI TANJONG
SABAH,P.191 - KALABAKAN,N. 58 - MEROTAI
SABAH,P.191 - KALABAKAN,N. 58 - MEROTAI
SABAH,P.191 - KALABAKAN,N. 58 - MEROTAI
SABAH,P.191 - KALABAKAN,N. 58 - MEROTAI
SABAH,P.191 - KALABAKAN,N. 58 - MEROTAI
SABAH,P.191 - KALABAKAN,N. 58 - MEROTAI
SABAH,P.191 - KALABAKAN,N. 58 - MEROTAI
SABAH,P.191 - KALABAKAN,N. 59 - TANJONG BATU
SABAH,P.191 - KALABAKAN,N. 59 - TANJONG BATU
SABAH,P.191 - KALABAKAN,N. 59 - TANJONG BATU
SABAH,P.191 - KALABAKAN,N. 59 - TANJONG BATU
SABAH,P.191 - KALABAKAN,N. 60 - SEBATIK
SABAH,P.191 - KALABAKAN,N. 60 - SEBATIK
SABAH,P.191 - KALABAKAN,N. 60 - SEBATIK
SABAH,P.191 - KALABAKAN,N. 60 - SEBATIK
SELANGOR,P.092 - SABAK BERNAM,N. 01 - SUNGAI AIR TAWAR
SELANGOR,P.092 - SABAK BERNAM,N. 01 - SUNGAI AIR TAWAR
SELANGOR,P.092 - SABAK BERNAM,N. 01 - SUNGAI AIR TAWAR
SELANGOR,P.092 - SABAK BERNAM,N. 02 - SABAK
SELANGOR,P.092 - SABAK BERNAM,N. 02 - SABAK
SELANGOR,P.092 - SABAK BERNAM,N. 02 - SABAK
SELANGOR,P.093 - SUNGAI BESAR,N. 03 - SUNGAI PANJANG
SELANGOR,P.093 - SUNGAI BESAR,N. 03 - SUNGAI PANJANG
SELANGOR,P.093 - SUNGAI BESAR,N. 03 - SUNGAI PANJANG
SELANGOR,P.093 - SUNGAI BESAR,N. 04 - SEKINCHAN
SELANGOR,P.093 - SUNGAI BESAR,N. 04 - SEKINCHAN
SELANGOR,P.093 - SUNGAI BESAR,N. 04 - SEKINCHAN
SELANGOR,P.094 - HULU SELANGOR,N. 05 - HULU BERNAM
SELANGOR,P.094 - HULU SELANGOR,N. 05 - HULU BERNAM
SELANGOR,P.094 - HULU SELANGOR,N. 05 - HULU BERNAM
SELANGOR,P.094 - HULU SELANGOR,N. 06 - KUALA KUBU BAHARU
SELANGOR,P.094 - HULU SELANGOR,N. 06 - KUALA KUBU BAHARU
SELANGOR,P.094 - HULU SELANGOR,N. 06 - KUALA KUBU BAHARU
SELANGOR,P.094 - HULU SELANGOR,N. 07 - BATANG KALI
SELANGOR,P.094 - HULU SELANGOR,N. 07 - BATANG KALI
SELANGOR,P.094 - HULU SELANGOR,N. 07 - BATANG KALI
SELANGOR,P.095 - TANJONG KARANG,N. 08 - SUNGAI BURONG
SELANGOR,P.095 - TANJONG KARANG,N. 08 - SUNGAI BURONG
SELANGOR,P.095 - TANJONG KARANG,N. 08 - SUNGAI BURONG
SELANGOR,P.095 - TANJONG KARANG,N. 09 - PERMATANG
SELANGOR,P.095 - TANJONG KARANG,N. 09 - PERMATANG
SELANGOR,P.095 - TANJONG KARANG,N. 09 - PERMATANG
SELANGOR,P.096 - KUALA SELANGOR,N. 10 - BUKIT MELAWATI
SELANGOR,P.096 - KUALA SELANGOR,N. 10 - BUKIT MELAWATI
SELANGOR,P.096 - KUALA SELANGOR,N. 10 - BUKIT MELAWATI
SELANGOR,P.096 - KUALA SELANGOR,N. 11 - IJOK
SELANGOR,P.096 - KUALA SELANGOR,N. 11 - IJOK
SELANGOR,P.096 - KUALA SELANGOR,N. 11 - IJOK
SELANGOR,P.096 - KUALA SELANGOR,N. 11 - IJOK
SELANGOR,P.096 - KUALA SELANGOR,N. 12 - JERAM
SELANGOR,P.096 - KUALA SELANGOR,N. 12 - JERAM
SELANGOR,P.096 - KUALA SELANGOR,N. 12 - JERAM
SELANGOR,P.097 - SELAYANG,N. 13 - KUANG
SELANGOR,P.097 - SELAYANG,N. 13 - KUANG
SELANGOR,P.097 - SELAYANG,N. 13 - KUANG
SELANGOR,P.097 - SELAYANG,N. 13 - KUANG
SELANGOR,P.097 - SELAYANG,N. 14 - RAWANG
SELANGOR,P.097 - SELAYANG,N. 14 - RAWANG
SELANGOR,P.097 - SELAYANG,N. 14 - RAWANG
SELANGOR,P.097 - SELAYANG,N. 14 - RAWANG
SELANGOR,P.097 - SELAYANG,N. 15 - TAMAN TEMPLER
SELANGOR,P.097 - SELAYANG,N. 15 - TAMAN TEMPLER
SELANGOR,P.097 - SELAYANG,N. 15 - TAMAN TEMPLER
SELANGOR,P.097 - SELAYANG,N. 15 - TAMAN TEMPLER
SELANGOR,P.097 - SELAYANG,N. 15 - TAMAN TEMPLER
SELANGOR,P.098 - GOMBAK,N. 16 - SUNGAI TUA
SELANGOR,P.098 - GOMBAK,N. 16 - SUNGAI TUA
SELANGOR,P.098 - GOMBAK,N. 16 - SUNGAI TUA
SELANGOR,P.098 - GOMBAK,N. 16 - SUNGAI TUA
SELANGOR,P.098 - GOMBAK,N. 17 - GOMBAK SETIA
SELANGOR,P.098 - GOMBAK,N. 17 - GOMBAK SETIA
SELANGOR,P.098 - GOMBAK,N. 17 - GOMBAK SETIA
SELANGOR,P.098 - GOMBAK,N. 18 - HULU KELANG
SELANGOR,P.098 - GOMBAK,N. 18 - HULU KELANG
SELANGOR,P.098 - GOMBAK,N. 18 - HULU KELANG
SELANGOR,P.099 - AMPANG,N. 19 - BUKIT ANTARABANGSA
SELANGOR,P.099 - AMPANG,N. 19 - BUKIT ANTARABANGSA
SELANGOR,P.099 - AMPANG,N. 19 - BUKIT ANTARABANGSA
SELANGOR,P.099 - AMPANG,N. 19 - BUKIT ANTARABANGSA
SELANGOR,P.099 - AMPANG,N. 19 - BUKIT ANTARABANGSA
SELANGOR,P.099 - AMPANG,N. 20 - LEMBAH JAYA
SELANGOR,P.099 - AMPANG,N. 20 - LEMBAH JAYA
SELANGOR,P.099 - AMPANG,N. 20 - LEMBAH JAYA
SELANGOR,P.099 - AMPANG,N. 20 - LEMBAH JAYA
SELANGOR,P.100 - PANDAN,N. 21 - PANDAN INDAH
SELANGOR,P.100 - PANDAN,N. 21 - PANDAN INDAH
SELANGOR,P.100 - PANDAN,N. 21 - PANDAN INDAH
SELANGOR,P.100 - PANDAN,N. 22 - TERATAI
SELANGOR,P.100 - PANDAN,N. 22 - TERATAI
SELANGOR,P.100 - PANDAN,N. 22 - TERATAI
SELANGOR,P.100 - PANDAN,N. 22 - TERATAI
SELANGOR,P.101 - HULU LANGAT,N. 23 - DUSUN TUA
SELANGOR,P.101 - HULU LANGAT,N. 23 - DUSUN TUA
SELANGOR,P.101 - HULU LANGAT,N. 23 - DUSUN TUA
SELANGOR,P.101 - HULU LANGAT,N. 24 - SEMENYIH
SELANGOR,P.101 - HULU LANGAT,N. 24 - SEMENYIH
SELANGOR,P.101 - HULU LANGAT,N. 24 - SEMENYIH
SELANGOR,P.101 - HULU LANGAT,N. 24 - SEMENYIH
SELANGOR,P.102 - BANGI,N. 25 - KAJANG
SELANGOR,P.102 - BANGI,N. 25 - KAJANG
SELANGOR,P.102 - BANGI,N. 25 - KAJANG
SELANGOR,P.102 - BANGI,N. 25 - KAJANG
SELANGOR,P.102 - BANGI,N. 26 - SUNGAI RAMAL
SELANGOR,P.102 - BANGI,N. 26 - SUNGAI RAMAL
SELANGOR,P.102 - BANGI,N. 26 - SUNGAI RAMAL
SELANGOR,P.102 - BANGI,N. 27 - BALAKONG
SELANGOR,P.102 - BANGI,N. 27 - BALAKONG
SELANGOR,P.102 - BANGI,N. 27 - BALAKONG
SELANGOR,P.103 - PUCHONG,N. 28 - SERI KEMBANGAN
SELANGOR,P.103 - PUCHONG,N. 28 - SERI KEMBANGAN
SELANGOR,P.103 - PUCHONG,N. 29 - SERI SERDANG
SELANGOR,P.103 - PUCHONG,N. 29 - SERI SERDANG
SELANGOR,P.103 - PUCHONG,N. 29 - SERI SERDANG
SELANGOR,P.104 - SUBANG,N. 30 - KINRARA
SELANGOR,P.104 - SUBANG,N. 30 - KINRARA
SELANGOR,P.104 - SUBANG,N. 30 - KINRARA
SELANGOR,P.104 - SUBANG,N. 31 - SUBANG JAYA
SELANGOR,P.104 - SUBANG,N. 31 - SUBANG JAYA
SELANGOR,P.104 - SUBANG,N. 31 - SUBANG JAYA
SELANGOR,P.105 - PETALING JAYA,N. 32 - SERI SETIA
SELANGOR,P.105 - PETALING JAYA,N. 32 - SERI SETIA
SELANGOR,P.105 - PETALING JAYA,N. 32 - SERI SETIA
SELANGOR,P.105 - PETALING JAYA,N. 32 - SERI SETIA
SELANGOR,P.105 - PETALING JAYA,N. 33 - TAMAN MEDAN
SELANGOR,P.105 - PETALING JAYA,N. 33 - TAMAN MEDAN
SELANGOR,P.105 - PETALING JAYA,N. 33 - TAMAN MEDAN
SELANGOR,P.105 - PETALING JAYA,N. 34 - BUKIT GASING
SELANGOR,P.105 - PETALING JAYA,N. 34 - BUKIT GASING
SELANGOR,P.105 - PETALING JAYA,N. 34 - BUKIT GASING
SELANGOR,P.106 - DAMANSARA,N. 35 - KAMPUNG TUNKU
SELANGOR,P.106 - DAMANSARA,N. 35 - KAMPUNG TUNKU
SELANGOR,P.106 - DAMANSARA,N. 36 - BANDAR UTAMA
SELANGOR,P.106 - DAMANSARA,N. 36 - BANDAR UTAMA
SELANGOR,P.106 - DAMANSARA,N. 36 - BANDAR UTAMA
SELANGOR,P.106 - DAMANSARA,N. 37 - BUKIT LANJAN
SELANGOR,P.106 - DAMANSARA,N. 37 - BUKIT LANJAN
SELANGOR,P.107 - SUNGAI BULOH,N. 38 - PAYA JARAS
SELANGOR,P.107 - SUNGAI BULOH,N. 38 - PAYA JARAS
SELANGOR,P.107 - SUNGAI BULOH,N. 38 - PAYA JARAS
SELANGOR,P.107 - SUNGAI BULOH,N. 39 - KOTA DAMANSARA
SELANGOR,P.107 - SUNGAI BULOH,N. 39 - KOTA DAMANSARA
SELANGOR,P.107 - SUNGAI BULOH,N. 39 - KOTA DAMANSARA
SELANGOR,P.107 - SUNGAI BULOH,N. 39 - KOTA DAMANSARA
SELANGOR,P.108 - SHAH ALAM,N. 40 - KOTA ANGGERIK
SELANGOR,P.108 - SHAH ALAM,N. 40 - KOTA ANGGERIK
SELANGOR,P.108 - SHAH ALAM,N. 40 - KOTA ANGGERIK
SELANGOR,P.108 - SHAH ALAM,N. 41 - BATU TIGA
SELANGOR,P.108 - SHAH ALAM,N. 41 - BATU TIGA
SELANGOR,P.108 - SHAH ALAM,N. 41 - BATU TIGA
SELANGOR,P.109 - KAPAR,N. 42 - MERU
SELANGOR,P.109 - KAPAR,N. 42 - MERU
SELANGOR,P.109 - KAPAR,N. 42 - MERU
SELANGOR,P.109 - KAPAR,N. 42 - MERU
SELANGOR,P.109 - KAPAR,N. 42 - MERU
SELANGOR,P.109 - KAPAR,N. 43 - SEMENTA
SELANGOR,P.109 - KAPAR,N. 43 - SEMENTA
SELANGOR,P.109 - KAPAR,N. 43 - SEMENTA
SELANGOR,P.109 - KAPAR,N. 43 - SEMENTA
SELANGOR,P.109 - KAPAR,N. 44 - SELAT KLANG
SELANGOR,P.109 - KAPAR,N. 44 - SELAT KLANG
SELANGOR,P.109 - KAPAR,N. 44 - SELAT KLANG
SELANGOR,P.109 - KAPAR,N. 44 - SELAT KLANG
SELANGOR,P.109 - KAPAR,N. 44 - SELAT KLANG
SELANGOR,P.110 - KLANG,N. 45 - BANDAR BARU KLANG
SELANGOR,P.110 - KLANG,N. 45 - BANDAR BARU KLANG
SELANGOR,P.110 - KLANG,N. 46 - PELABUHAN KLANG
SELANGOR,P.110 - KLANG,N. 46 - PELABUHAN KLANG
SELANGOR,P.110 - KLANG,N. 46 - PELABUHAN KLANG
SELANGOR,P.110 - KLANG,N. 46 - PELABUHAN KLANG
SELANGOR,P.110 - KLANG,N. 47 - PANDAMARAN
SELANGOR,P.110 - KLANG,N. 47 - PANDAMARAN
SELANGOR,P.110 - KLANG,N. 47 - PANDAMARAN
SELANGOR,P.111 - KOTA RAJA,N. 48 - SENTOSA
SELANGOR,P.111 - KOTA RAJA,N. 48 - SENTOSA
SELANGOR,P.111 - KOTA RAJA,N. 48 - SENTOSA
SELANGOR,P.111 - KOTA RAJA,N. 48 - SENTOSA
SELANGOR,P.111 - KOTA RAJA,N. 48 - SENTOSA
SELANGOR,P.111 - KOTA RAJA,N. 49 - SUNGAI KANDIS
SELANGOR,P.111 - KOTA RAJA,N. 49 - SUNGAI KANDIS
SELANGOR,P.111 - KOTA RAJA,N. 49 - SUNGAI KANDIS
SELANGOR,P.111 - KOTA RAJA,N. 49 - SUNGAI KANDIS
SELANGOR,P.111 - KOTA RAJA,N. 50 - KOTA KEMUNING
SELANGOR,P.111 - KOTA RAJA,N. 50 - KOTA KEMUNING
SELANGOR,P.111 - KOTA RAJA,N. 50 - KOTA KEMUNING
SELANGOR,P.111 - KOTA RAJA,N. 50 - KOTA KEMUNING
SELANGOR,P.111 - KOTA RAJA,N. 50 - KOTA KEMUNING
SELANGOR,P.112 - KUALA LANGAT,N. 51 - SIJANGKANG
SELANGOR,P.112 - KUALA LANGAT,N. 51 - SIJANGKANG
SELANGOR,P.112 - KUALA LANGAT,N. 51 - SIJANGKANG
SELANGOR,P.112 - KUALA LANGAT,N. 52 - BANTING
SELANGOR,P.112 - KUALA LANGAT,N. 52 - BANTING
SELANGOR,P.112 - KUALA LANGAT,N. 52 - BANTING
SELANGOR,P.112 - KUALA LANGAT,N. 53 - MORIB
SELANGOR,P.112 - KUALA LANGAT,N. 53 - MORIB
SELANGOR,P.112 - KUALA LANGAT,N. 53 - MORIB
SELANGOR,P.113 - SEPANG,N. 54 - TANJONG SEPAT
SELANGOR,P.113 - SEPANG,N. 54 - TANJONG SEPAT
SELANGOR,P.113 - SEPANG,N. 54 - TANJONG SEPAT
SELANGOR,P.113 - SEPANG,N. 55 - DENGKIL
SELANGOR,P.113 - SEPANG,N. 55 - DENGKIL
SELANGOR,P.113 - SEPANG,N. 55 - DENGKIL
SELANGOR,P.113 - SEPANG,N. 56 - SUNGAI PELEK
SELANGOR,P.113 - SEPANG,N. 56 - SUNGAI PELEK
SELANGOR,P.113 - SEPANG,N. 56 - SUNGAI PELEK
SELANGOR,P.113 - SEPANG,N. 56 - SUNGAI PELEK
TERENGGANU,P.033 - BESUT,N. 01 - KUALA BESUT
TERENGGANU,P.033 - BESUT,N. 01 - KUALA BESUT
TERENGGANU,P.033 - BESUT,N. 01 - KUALA BESUT
TERENGGANU,P.033 - BESUT,N. 02 - KOTA PUTERA
TERENGGANU,P.033 - BESUT,N. 02 - KOTA PUTERA
TERENGGANU,P.033 - BESUT,N. 02 - KOTA PUTERA
TERENGGANU,P.033 - BESUT,N. 03 - JERTIH
TERENGGANU,P.033 - BESUT,N. 03 - JERTIH
TERENGGANU,P.033 - BESUT,N. 03 - JERTIH
TERENGGANU,P.033 - BESUT,N. 04 - HULU BESUT
TERENGGANU,P.033 - BESUT,N. 04 - HULU BESUT
TERENGGANU,P.033 - BESUT,N. 04 - HULU BESUT
TERENGGANU,P.034 - SETIU,N. 05 - JABI
TERENGGANU,P.034 - SETIU,N. 05 - JABI
TERENGGANU,P.034 - SETIU,N. 05 - JABI
TERENGGANU,P.034 - SETIU,N. 06 - PERMAISURI
TERENGGANU,P.034 - SETIU,N. 06 - PERMAISURI
TERENGGANU,P.034 - SETIU,N. 06 - PERMAISURI
TERENGGANU,P.034 - SETIU,N. 07 - LANGKAP
TERENGGANU,P.034 - SETIU,N. 07 - LANGKAP
TERENGGANU,P.034 - SETIU,N. 07 - LANGKAP
TERENGGANU,P.034 - SETIU,N. 08 - BATU RAKIT
TERENGGANU,P.034 - SETIU,N. 08 - BATU RAKIT
TERENGGANU,P.034 - SETIU,N. 08 - BATU RAKIT
TERENGGANU,P.035 - KUALA NERUS,N. 09 - TEPUH
TERENGGANU,P.035 - KUALA NERUS,N. 09 - TEPUH
TERENGGANU,P.035 - KUALA NERUS,N. 09 - TEPUH
TERENGGANU,P.035 - KUALA NERUS,N. 10 - BULUH GADING
TERENGGANU,P.035 - KUALA NERUS,N. 10 - BULUH GADING
TERENGGANU,P.035 - KUALA NERUS,N. 10 - BULUH GADING
TERENGGANU,P.035 - KUALA NERUS,N. 11 - SEBERANG TAKIR
TERENGGANU,P.035 - KUALA NERUS,N. 11 - SEBERANG TAKIR
TERENGGANU,P.035 - KUALA NERUS,N. 11 - SEBERANG TAKIR
TERENGGANU,P.035 - KUALA NERUS,N. 12 - BUKIT TUNGGAL
TERENGGANU,P.035 - KUALA NERUS,N. 12 - BUKIT TUNGGAL
TERENGGANU,P.035 - KUALA NERUS,N. 12 - BUKIT TUNGGAL
TERENGGANU,P.036 - KUALA TERENGGANU,N. 13 - WAKAF MEMPELAM
TERENGGANU,P.036 - KUALA TERENGGANU,N. 13 - WAKAF MEMPELAM
TERENGGANU,P.036 - KUALA TERENGGANU,N. 13 - WAKAF MEMPELAM
TERENGGANU,P.036 - KUALA TERENGGANU,N. 14 - BANDAR
TERENGGANU,P.036 - KUALA TERENGGANU,N. 14 - BANDAR
TERENGGANU,P.036 - KUALA TERENGGANU,N. 14 - BANDAR
TERENGGANU,P.036 - KUALA TERENGGANU,N. 15 - LADANG
TERENGGANU,P.036 - KUALA TERENGGANU,N. 15 - LADANG
TERENGGANU,P.036 - KUALA TERENGGANU,N. 15 - LADANG
TERENGGANU,P.036 - KUALA TERENGGANU,N. 16 - BATU BURUK
TERENGGANU,P.036 - KUALA TERENGGANU,N. 16 - BATU BURUK
TERENGGANU,P.036 - KUALA TERENGGANU,N. 16 - BATU BURUK
TERENGGANU,P.037 - MARANG,N. 17 - ALUR LIMBAT
TERENGGANU,P.037 - MARANG,N. 17 - ALUR LIMBAT
TERENGGANU,P.037 - MARANG,N. 17 - ALUR LIMBAT
TERENGGANU,P.037 - MARANG,N. 18 - BUKIT PAYUNG
TERENGGANU,P.037 - MARANG,N. 18 - BUKIT PAYUNG
TERENGGANU,P.037 - MARANG,N. 18 - BUKIT PAYUNG
TERENGGANU,P.037 - MARANG,N. 19 - RU RENDANG
TERENGGANU,P.037 - MARANG,N. 19 - RU RENDANG
TERENGGANU,P.037 - MARANG,N. 19 - RU RENDANG
TERENGGANU,P.037 - MARANG,N. 20 - PENGKALAN BERANGAN
TERENGGANU,P.037 - MARANG,N. 20 - PENGKALAN BERANGAN
TERENGGANU,P.037 - MARANG,N. 20 - PENGKALAN BERANGAN
TERENGGANU,P.038 - HULU TERENGGANU,N. 21 - TELEMUNG
TERENGGANU,P.038 - HULU TERENGGANU,N. 21 - TELEMUNG
TERENGGANU,P.038 - HULU TERENGGANU,N. 21 - TELEMUNG
TERENGGANU,P.038 - HULU TERENGGANU,N. 22 - MANIR
TERENGGANU,P.038 - HULU TERENGGANU,N. 22 - MANIR
TERENGGANU,P.038 - HULU TERENGGANU,N. 22 - MANIR
TERENGGANU,P.038 - HULU TERENGGANU,N. 23 - KUALA BERANG
TERENGGANU,P.038 - HULU TERENGGANU,N. 23 - KUALA BERANG
TERENGGANU,P.038 - HULU TERENGGANU,N. 23 - KUALA BERANG
TERENGGANU,P.038 - HULU TERENGGANU,N. 24 - AJIL
TERENGGANU,P.038 - HULU TERENGGANU,N. 24 - AJIL
TERENGGANU,P.038 - HULU TERENGGANU,N. 24 - AJIL
TERENGGANU,P.039 - DUNGUN,N. 25 - BUKIT BESI
TERENGGANU,P.039 - DUNGUN,N. 25 - BUKIT BESI
TERENGGANU,P.039 - DUNGUN,N. 25 - BUKIT BESI
TERENGGANU,P.039 - DUNGUN,N. 26 - RANTAU ABANG
TERENGGANU,P.039 - DUNGUN,N. 26 - RANTAU ABANG
TERENGGANU,P.039 - DUNGUN,N. 26 - RANTAU ABANG
TERENGGANU,P.039 - DUNGUN,N. 27 - SURA
TERENGGANU,P.039 - DUNGUN,N. 27 - SURA
TERENGGANU,P.039 - DUNGUN,N. 27 - SURA
TERENGGANU,P.039 - DUNGUN,N. 28 - PAKA
TERENGGANU,P.039 - DUNGUN,N. 28 - PAKA
TERENGGANU,P.039 - DUNGUN,N. 28 - PAKA
TERENGGANU,P.040 - KEMAMAN,N. 29 - KEMASIK
TERENGGANU,P.040 - KEMAMAN,N. 29 - KEMASIK
TERENGGANU,P.040 - KEMAMAN,N. 29 - KEMASIK
TERENGGANU,P.040 - KEMAMAN,N. 30 - KIJAL
TERENGGANU,P.040 - KEMAMAN,N. 30 - KIJAL
TERENGGANU,P.040 - KEMAMAN,N. 30 - KIJAL
TERENGGANU,P.040 - KEMAMAN,N. 31 - CUKAI
TERENGGANU,P.040 - KEMAMAN,N. 31 - CUKAI
TERENGGANU,P.040 - KEMAMAN,N. 31 - CUKAI
TERENGGANU,P.040 - KEMAMAN,N. 32 - AIR PUTIH
TERENGGANU,P.040 - KEMAMAN,N. 32 - AIR PUTIH
TERENGGANU,P.040 - KEMAMAN,N. 32 - AIR PUTIH
SARAWAK,P.192 - Mas Gading,N. 01 - Opar
SARAWAK,P.192 - Mas Gading,N. 02 - Tasik Biru
SARAWAK,P.193 - Santubong,N. 03 - Tanjung Datu
SARAWAK,P.193 - Santubong,N. 04 - Pantai Damai
SARAWAK,P.193 - Santubong,N. 05 - Demak Laut
SARAWAK,P.194 - Petra Jaya,N. 06 - Tupong
SARAWAK,P.194 - Petra Jaya,N. 07 - Samariang
SARAWAK,P.194 - Petra Jaya,N. 08 - Satok
SARAWAK,P.195 - Bandar Kuching,N. 09 - Padungan
SARAWAK,P.195 - Bandar Kuching,N. 10 - Pending
SARAWAK,P.195 - Bandar Kuching,N. 11 - Batu Lintang
SARAWAK,P.196 - Stampin,N. 12 - Kota Sentosa
SARAWAK,P.196 - Stampin,N. 13 - Batu Kitang
SARAWAK,P.196 - Stampin,N. 14 - Batu Kawah
SARAWAK,P.197 - Kota Samarahan,N. 15 - Asajaya
SARAWAK,P.197 - Kota Samarahan,N. 16 - Muara Tuang
SARAWAK,P.197 - Kota Samarahan,N. 17 - Stakan
SARAWAK,P.198 - Puncak Borneo,N. 18 - Serembu
SARAWAK,P.198 - Puncak Borneo,N. 19 - Mambong
SARAWAK,P.198 - Puncak Borneo,N. 20 - Tarat
SARAWAK,P.199 - Serian,N. 21 - Tebedu
SARAWAK,P.199 - Serian,N. 22 - Kedup
SARAWAK,P.199 - Serian,N. 23 - Bukit Semuja
SARAWAK,P.200 - Batang Sadong,N.25 - Sadong Jaya
SARAWAK,P.200 - Batang Sadong,N. 25 - Simunjan
SARAWAK,P.200 - Batang Sadong,N. 26 - Gedong
SARAWAK,P.201 - Batang Lupar,N. 27 - Sebuyau
SARAWAK,P.201 - Batang Lupar,N. 28 - Lingga
SARAWAK,P.201 - Batang Lupar,N. 29 - Beting Maro
SARAWAK,P.202 - Sri Aman,N. 30 - Balai Ringin
SARAWAK,P.202 - Sri Aman,N. 31 - Bukit Begunan
SARAWAK,P.202 - Sri Aman,N. 32 - Simanggang
SARAWAK,P.203 - Lubok Antu,N. 33 - Engkilili
SARAWAK,P.203 - Lubok Antu,N. 34 - Batang Ai
SARAWAK,P.204 - Betong,N. 35 - Saribas
SARAWAK,P.204 - Betong,N. 36 - Layar
SARAWAK,P.204 - Betong,N. 37 - Bukit Saban
SARAWAK,P.205 - Saratok,N. 38 - Kalaka
SARAWAK,P.205 - Saratok,N. 39 - Krian
SARAWAK,P.205 - Saratok,N. 40 - Kabeng
SARAWAK,P.206 - Tanjung Manis,N. 41 - Kuala Rajang
SARAWAK,P.206 - Tanjung Manis,N. 42 - Semop
SARAWAK,P.207 - Igan,N. 43 - Daro
SARAWAK,P.207 - Igan,N. 44 - Jamoreng
SARAWAK,P.208 - Sarikei,N. 45 - Repok
SARAWAK,P.208 - Sarikei,N. 46 - Meradong
SARAWAK,P.209 - Julau,N. 47 - Pakan
SARAWAK,P.209 - Julau,N. 48 - Meluan
SARAWAK,P.210 - Kanowit,N. 49 - Ngemah
SARAWAK,P.210 - Kanowit,N. 50 - Machan
SARAWAK,P.211 - Lanang,N. 51 Bukit Assek
SARAWAK,P.211 - Lanang,N. 52 - Dudong
SARAWAK,P.212 - Sibu,N. 53 - Bawang Assan
SARAWAK,P.212 - Sibu,N. 54 - Pelawan
SARAWAK,P.212 - Sibu,N. 55 - Nangka
SARAWAK,P.213 - Mukah,N. 56 - Dalat
SARAWAK,P.213 - Mukah,N. 57 - Tellian
SARAWAK,P.213 - Mukah,N. 58 - Balingian
SARAWAK,P.214 - Selangau,N. 59 - Tamin
SARAWAK,P.214 - Selangau,N. 60 - Kakus
SARAWAK,P.215 - Kapit,N. 61 - Pelagus
SARAWAK,P.215 - Kapit,N. 62 - Katibas
SARAWAK,P.215 - Kapit,N. 63 - Bukit Goram
SARAWAK,P.216 - Hulu Rajang,N. 64 - Baleh
SARAWAK,P.216 - Hulu Rajang,N. 65 - Belaga
SARAWAK,P.216 - Hulu Rajang,N. 66 - Murum
SARAWAK,P.217 - Bintulu,N. 67 - Jepak
SARAWAK,P.217 - Bintulu,N. 68 - Tanjong Batu
SARAWAK,P.217 - Bintulu,N. 69 - Kemena
SARAWAK,P.217 - Bintulu,N. 70 - Samalaju
SARAWAK,P.218 - Sibuti,N. 71 - Bekenu
SARAWAK,P.218 - Sibuti,N. 72 - Lambir
SARAWAK,P.219 - Miri,N. 73 - Piasau
SARAWAK,P.219 - Miri,N. 74 - Pujut
SARAWAK,P.219 - Miri,N. 75 - Senadin
SARAWAK,P.220 - Baram,N. 76 - Marudi
SARAWAK,P.220 - Baram,N. 77 - Telang Usan
SARAWAK,P.220 - Baram,N. 78 - Mulu
SARAWAK,P.221 - Limbang,N. 79 - Bukit Kota
SARAWAK,P.221 - Limbang,N. 80 - Baru Danau
SARAWAK,P.222 - Lawas,N. 81 - Ba'kelalan
SARAWAK,P.222 - Lawas,N. 82 - Bukit Sari
